entity_code,file_code,maitu_type,maitu_subtype,media_kind,browser_usage,subject,file_role,original_relative_path,new_relative_path,original_filename,new_filename,canonical_extension,maitu_material_id_guess,size_bytes,tags,browser_use_hint,duplicate_group,duplicate_rank,duplicate_count,duplicate_primary_path,sha256,rename_action,dedupe_suggestion
DH-AVT-0001,DH-AVT-0001-F001,数字分身,数字分身成品,image,图片,37200_张裕定制形象260519,成品封面,数字分身\数字分身成品\37200_张裕定制形象260519.png,数字分身\数字分身成品\DH-AVT-0001-F001_数字分身成品_37200_张裕定制形象260519_成品封面.png,37200_张裕定制形象260519.png,DH-AVT-0001-F001_数字分身成品_37200_张裕定制形象260519_成品封面.png,.png,37200,1452253,"数字分身,图片,37200_张裕定制形象260519,成品封面,数字分身成品,张裕",用于麦兔数字分身成品选择：37200_张裕定制形象260519，角色：成品封面,DUP-001,1,4,数字分身\数字分身成品\37200_张裕定制形象260519.png,85c3192b32064ee42c9e60ab001c61b3e087a962a6e2989e89d84cc62f1d4eb3,rename_only,重复组主文件
DH-AVT-0001,DH-AVT-0001-F002,数字分身,数字分身成品,image,图片,37200_张裕定制形象260519,成品封面,数字分身\数字分身成品\37200_张裕定制形象260519\37200_张裕定制形象260519_cover.png,数字分身\数字分身成品\37200_张裕定制形象260519\DH-AVT-0001-F002_数字分身成品_37200_张裕定制形象260519_成品封面.png,37200_张裕定制形象260519_cover.png,DH-AVT-0001-F002_数字分身成品_37200_张裕定制形象260519_成品封面.png,.png,37200,1452253,"数字分身,图片,37200_张裕定制形象260519,成品封面,数字分身成品,张裕",用于麦兔数字分身成品选择：37200_张裕定制形象260519，角色：成品封面,DUP-001,2,4,数字分身\数字分身成品\37200_张裕定制形象260519.png,85c3192b32064ee42c9e60ab001c61b3e087a962a6e2989e89d84cc62f1d4eb3,rename_only,保留主文件，复核是否归档此重复文件
DH-AVT-0001,DH-AVT-0001-F003,数字分身,数字分身成品,video,视频,37200_张裕定制形象260519,成品预览视频,数字分身\数字分身成品\37200_张裕定制形象260519\37200_张裕定制形象260519_preview_video.mp4,数字分身\数字分身成品\37200_张裕定制形象260519\DH-AVT-0001-F003_数字分身成品_37200_张裕定制形象260519_成品预览视频.mp4,37200_张裕定制形象260519_preview_video.mp4,DH-AVT-0001-F003_数字分身成品_37200_张裕定制形象260519_成品预览视频.mp4,.mp4,37200,2242608,"数字分身,视频,37200_张裕定制形象260519,成品预览视频,数字分身成品,张裕",用于麦兔数字分身成品选择：37200_张裕定制形象260519，角色：成品预览视频,DUP-002,1,2,数字分身\数字分身成品\37200_张裕定制形象260519\37200_张裕定制形象260519_preview_video.mp4,276cf56baad5dc446b67f8c4cab501cffaba866c1993a6d066a921ebec8f51a9,rename_only,重复组主文件
DH-AVT-0001,DH-AVT-0001-F004,数字分身,数字分身成品,video,视频,37200_张裕定制形象260519,成品预览视频,数字分身\数字分身成品\37200_张裕定制形象260519_preview_video.mp4,数字分身\数字分身成品\DH-AVT-0001-F004_数字分身成品_37200_张裕定制形象260519_成品预览视频.mp4,37200_张裕定制形象260519_preview_video.mp4,DH-AVT-0001-F004_数字分身成品_37200_张裕定制形象260519_成品预览视频.mp4,.mp4,37200,2242608,"数字分身,视频,37200_张裕定制形象260519,成品预览视频,数字分身成品,张裕",用于麦兔数字分身成品选择：37200_张裕定制形象260519，角色：成品预览视频,DUP-002,2,2,数字分身\数字分身成品\37200_张裕定制形象260519\37200_张裕定制形象260519_preview_video.mp4,276cf56baad5dc446b67f8c4cab501cffaba866c1993a6d066a921ebec8f51a9,rename_only,保留主文件，复核是否归档此重复文件
DH-AVT-0002,DH-AVT-0002-F001,数字分身,数字分身成品,image,图片,40222_明月,成品封面,数字分身\数字分身成品\40222_明月.png,数字分身\数字分身成品\DH-AVT-0002-F001_数字分身成品_40222_明月_成品封面.png,40222_明月.png,DH-AVT-0002-F001_数字分身成品_40222_明月_成品封面.png,.png,40222,1834311,"数字分身,图片,40222_明月,成品封面,数字分身成品",用于麦兔数字分身成品选择：40222_明月，角色：成品封面,DUP-003,1,4,数字分身\数字分身成品\40222_明月.png,274d54c4a4088a44d20df9d525a21adfeff87aca3a6e292a59ad62ca8ee5793a,rename_only,重复组主文件
DH-AVT-0002,DH-AVT-0002-F002,数字分身,数字分身成品,image,图片,40222_明月,成品封面,数字分身\数字分身成品\40222_明月\40222_明月_cover.png,数字分身\数字分身成品\40222_明月\DH-AVT-0002-F002_数字分身成品_40222_明月_成品封面.png,40222_明月_cover.png,DH-AVT-0002-F002_数字分身成品_40222_明月_成品封面.png,.png,40222,1834311,"数字分身,图片,40222_明月,成品封面,数字分身成品",用于麦兔数字分身成品选择：40222_明月，角色：成品封面,DUP-003,2,4,数字分身\数字分身成品\40222_明月.png,274d54c4a4088a44d20df9d525a21adfeff87aca3a6e292a59ad62ca8ee5793a,rename_only,保留主文件，复核是否归档此重复文件
DH-AVT-0002,DH-AVT-0002-F003,数字分身,数字分身成品,video,视频,40222_明月,成品预览视频,数字分身\数字分身成品\40222_明月\40222_明月_preview_video.mp4,数字分身\数字分身成品\40222_明月\DH-AVT-0002-F003_数字分身成品_40222_明月_成品预览视频.mp4,40222_明月_preview_video.mp4,DH-AVT-0002-F003_数字分身成品_40222_明月_成品预览视频.mp4,.mp4,40222,2903301,"数字分身,视频,40222_明月,成品预览视频,数字分身成品",用于麦兔数字分身成品选择：40222_明月，角色：成品预览视频,DUP-004,1,2,数字分身\数字分身成品\40222_明月\40222_明月_preview_video.mp4,e11da9d2c8c9371a33fc6d7246bd3ebb11b76f5eec51bbeaef19cc495a97b298,rename_only,重复组主文件
DH-AVT-0002,DH-AVT-0002-F004,数字分身,数字分身成品,video,视频,40222_明月,成品预览视频,数字分身\数字分身成品\40222_明月_preview_video.mp4,数字分身\数字分身成品\DH-AVT-0002-F004_数字分身成品_40222_明月_成品预览视频.mp4,40222_明月_preview_video.mp4,DH-AVT-0002-F004_数字分身成品_40222_明月_成品预览视频.mp4,.mp4,40222,2903301,"数字分身,视频,40222_明月,成品预览视频,数字分身成品",用于麦兔数字分身成品选择：40222_明月，角色：成品预览视频,DUP-004,2,2,数字分身\数字分身成品\40222_明月\40222_明月_preview_video.mp4,e11da9d2c8c9371a33fc6d7246bd3ebb11b76f5eec51bbeaef19cc495a97b298,rename_only,保留主文件，复核是否归档此重复文件
DH-MDL-0001,DH-MDL-0001-F001,数字分身,模特,image,图片,7717_Y26定制,模特封面,数字分身\模特\7717_Y26定制\7717_Y26定制_cover_url.png,数字分身\模特\7717_Y26定制\DH-MDL-0001-F001_模特_7717_Y26定制_模特封面.png,7717_Y26定制_cover_url.png,DH-MDL-0001-F001_模特_7717_Y26定制_模特封面.png,.png,7717,1452253,"数字分身,图片,7717_Y26定制,模特封面,模特",用于麦兔定制模特/数字人形象素材：7717_Y26定制，角色：模特封面,DUP-001,3,4,数字分身\数字分身成品\37200_张裕定制形象260519.png,85c3192b32064ee42c9e60ab001c61b3e087a962a6e2989e89d84cc62f1d4eb3,rename_only,保留主文件，复核是否归档此重复文件
DH-MDL-0001,DH-MDL-0001-F002,数字分身,模特,video,视频,7717_Y26定制,完整预览视频,数字分身\模特\7717_Y26定制\7717_Y26定制_full_preview_video.mp4,数字分身\模特\7717_Y26定制\DH-MDL-0001-F002_模特_7717_Y26定制_完整预览视频.mp4,7717_Y26定制_full_preview_video.mp4,DH-MDL-0001-F002_模特_7717_Y26定制_完整预览视频.mp4,.mp4,7717,465825418,"数字分身,视频,7717_Y26定制,完整预览视频,模特",用于麦兔定制模特/数字人形象素材：7717_Y26定制，角色：完整预览视频,,,,,,rename_only,唯一素材
DH-MDL-0001,DH-MDL-0001-F003,数字分身,模特,video,视频,7717_Y26定制,口型对比视频,数字分身\模特\7717_Y26定制\7717_Y26定制_lip_comparison_video.mp4,数字分身\模特\7717_Y26定制\DH-MDL-0001-F003_模特_7717_Y26定制_口型对比视频.mp4,7717_Y26定制_lip_comparison_video.mp4,DH-MDL-0001-F003_模特_7717_Y26定制_口型对比视频.mp4,.mp4,7717,123211940,"数字分身,视频,7717_Y26定制,口型对比视频,模特",用于麦兔定制模特/数字人形象素材：7717_Y26定制，角色：口型对比视频,,,,,,rename_only,唯一素材
DH-MDL-0001,DH-MDL-0001-F004,数字分身,模特,video,视频,7717_Y26定制,预览视频,数字分身\模特\7717_Y26定制\7717_Y26定制_preview_video.mp4,数字分身\模特\7717_Y26定制\DH-MDL-0001-F004_模特_7717_Y26定制_预览视频.mp4,7717_Y26定制_preview_video.mp4,DH-MDL-0001-F004_模特_7717_Y26定制_预览视频.mp4,.mp4,7717,1349787,"数字分身,视频,7717_Y26定制,预览视频,模特",用于麦兔定制模特/数字人形象素材：7717_Y26定制，角色：预览视频,,,,,,rename_only,唯一素材
DH-MDL-0001,DH-MDL-0001-F005,数字分身,模特,video,视频,7717_Y26定制,训练合成视频,数字分身\模特\7717_Y26定制\7717_Y26定制_training_material.mp4,数字分身\模特\7717_Y26定制\DH-MDL-0001-F005_模特_7717_Y26定制_训练合成视频.mp4,7717_Y26定制_training_material.mp4,DH-MDL-0001-F005_模特_7717_Y26定制_训练合成视频.mp4,.mp4,7717,911867024,"数字分身,视频,7717_Y26定制,训练合成视频,模特",用于麦兔定制模特/数字人形象素材：7717_Y26定制，角色：训练合成视频,,,,,,rename_only,唯一素材
DH-MDL-0001,DH-MDL-0001-F006,数字分身,模特,image,图片,7717_Y26定制_多名利特选窖藏,分段封面,数字分身\模特\7717_Y26定制\分段封面\00_1477321 张裕 多名利特选窖藏 干红葡萄酒 750ml6瓶 整箱装 赤霞珠 全00221834_cover.png,数字分身\模特\7717_Y26定制\分段封面\DH-MDL-0001-F006_模特_7717_Y26定制_多名利特选窖藏_分段封面.png,00_1477321 张裕 多名利特选窖藏 干红葡萄酒 750ml6瓶 整箱装 赤霞珠 全00221834_cover.png,DH-MDL-0001-F006_模特_7717_Y26定制_多名利特选窖藏_分段封面.png,.png,,1452253,"数字分身,图片,7717_Y26定制_多名利特选窖藏,分段封面,模特,张裕,封面",用于麦兔定制模特/数字人形象素材：7717_Y26定制_多名利特选窖藏，角色：分段封面,DUP-001,4,4,数字分身\数字分身成品\37200_张裕定制形象260519.png,85c3192b32064ee42c9e60ab001c61b3e087a962a6e2989e89d84cc62f1d4eb3,rename_only,保留主文件，复核是否归档此重复文件
DH-MDL-0001,DH-MDL-0001-F007,数字分身,模特,image,图片,7717_Y26定制_N158_礼盒,分段封面,数字分身\模特\7717_Y26定制\分段封面\01_100029935774 张裕 九代解百纳N158 干红葡萄酒 750ml2瓶 红酒礼盒 全00218094_cover.png,数字分身\模特\7717_Y26定制\分段封面\DH-MDL-0001-F007_模特_7717_Y26定制_N158_礼盒_分段封面.png,01_100029935774 张裕 九代解百纳N158 干红葡萄酒 750ml2瓶 红酒礼盒 全00218094_cover.png,DH-MDL-0001-F007_模特_7717_Y26定制_N158_礼盒_分段封面.png,.png,,1825214,"数字分身,图片,7717_Y26定制_N158_礼盒,分段封面,模特,张裕,解百纳,礼盒,封面",用于麦兔定制模特/数字人形象素材：7717_Y26定制_N158_礼盒，角色：分段封面,,,,,,rename_only,唯一素材
DH-MDL-0001,DH-MDL-0001-F008,数字分身,模特,image,图片,7717_Y26定制_解百纳1937,分段封面,数字分身\模特\7717_Y26定制\分段封面\02_100014757963 张裕 九代解百纳1937 干红葡萄酒 750ml6瓶 整箱装 全00214434_cover.png,数字分身\模特\7717_Y26定制\分段封面\DH-MDL-0001-F008_模特_7717_Y26定制_解百纳1937_分段封面.png,02_100014757963 张裕 九代解百纳1937 干红葡萄酒 750ml6瓶 整箱装 全00214434_cover.png,DH-MDL-0001-F008_模特_7717_Y26定制_解百纳1937_分段封面.png,.png,,1445619,"数字分身,图片,7717_Y26定制_解百纳1937,分段封面,模特,张裕,解百纳,封面",用于麦兔定制模特/数字人形象素材：7717_Y26定制_解百纳1937，角色：分段封面,,,,,,rename_only,唯一素材
DH-MDL-0001,DH-MDL-0001-F009,数字分身,模特,image,图片,7717_Y26定制_品酒大师SUPER,分段封面,数字分身\模特\7717_Y26定制\分段封面\03_100164837228 张裕 九代解百纳 品酒大师super 干红葡萄酒 750ml 单瓶装 全2_00210690_cover.png,数字分身\模特\7717_Y26定制\分段封面\DH-MDL-0001-F009_模特_7717_Y26定制_品酒大师SUPER_分段封面.png,03_100164837228 张裕 九代解百纳 品酒大师super 干红葡萄酒 750ml 单瓶装 全2_00210690_cover.png,DH-MDL-0001-F009_模特_7717_Y26定制_品酒大师SUPER_分段封面.png,.png,,1437683,"数字分身,图片,7717_Y26定制_品酒大师SUPER,分段封面,模特,SUPER,张裕,品酒大师,解百纳,封面",用于麦兔定制模特/数字人形象素材：7717_Y26定制_品酒大师SUPER，角色：分段封面,,,,,,rename_only,唯一素材
DH-MDL-0001,DH-MDL-0001-F010,数字分身,模特,image,图片,7717_Y26定制_品酒大师MASTER,分段封面,数字分身\模特\7717_Y26定制\分段封面\04_100164837194 张裕 品酒大师master 750ml6瓶箱装 全2_00207038_cover.png,数字分身\模特\7717_Y26定制\分段封面\DH-MDL-0001-F010_模特_7717_Y26定制_品酒大师MASTER_分段封面.png,04_100164837194 张裕 品酒大师master 750ml6瓶箱装 全2_00207038_cover.png,DH-MDL-0001-F010_模特_7717_Y26定制_品酒大师MASTER_分段封面.png,.png,,1470083,"数字分身,图片,7717_Y26定制_品酒大师MASTER,分段封面,模特,MASTER,张裕,品酒大师,封面",用于麦兔定制模特/数字人形象素材：7717_Y26定制_品酒大师MASTER，角色：分段封面,,,,,,rename_only,唯一素材
DH-MDL-0001,DH-MDL-0001-F011,数字分身,模特,image,图片,7717_Y26定制_品酒大师PRO,分段封面,数字分身\模特\7717_Y26定制\分段封面\05_100164837226 张裕 九代解百纳 品酒大师pro 干红葡萄酒 750ml6瓶 整箱装 全00203310_cover.png,数字分身\模特\7717_Y26定制\分段封面\DH-MDL-0001-F011_模特_7717_Y26定制_品酒大师PRO_分段封面.png,05_100164837226 张裕 九代解百纳 品酒大师pro 干红葡萄酒 750ml6瓶 整箱装 全00203310_cover.png,DH-MDL-0001-F011_模特_7717_Y26定制_品酒大师PRO_分段封面.png,.png,,1450889,"数字分身,图片,7717_Y26定制_品酒大师PRO,分段封面,模特,PRO,张裕,品酒大师,解百纳,封面",用于麦兔定制模特/数字人形象素材：7717_Y26定制_品酒大师PRO，角色：分段封面,,,,,,rename_only,唯一素材
DH-MDL-0001,DH-MDL-0001-F012,数字分身,模特,image,图片,7717_Y26定制_品酒大师PLUS,分段封面,数字分身\模特\7717_Y26定制\分段封面\06_100296507068 张裕 九代解百纳 品酒大师plus 干红葡萄酒 750ml6瓶 整箱装 全00199697_cover.png,数字分身\模特\7717_Y26定制\分段封面\DH-MDL-0001-F012_模特_7717_Y26定制_品酒大师PLUS_分段封面.png,06_100296507068 张裕 九代解百纳 品酒大师plus 干红葡萄酒 750ml6瓶 整箱装 全00199697_cover.png,DH-MDL-0001-F012_模特_7717_Y26定制_品酒大师PLUS_分段封面.png,.png,,1459555,"数字分身,图片,7717_Y26定制_品酒大师PLUS,分段封面,模特,PLUS,张裕,品酒大师,解百纳,封面",用于麦兔定制模特/数字人形象素材：7717_Y26定制_品酒大师PLUS，角色：分段封面,,,,,,rename_only,唯一素材
DH-MDL-0001,DH-MDL-0001-F013,数字分身,模特,image,图片,7717_Y26定制_龙谕单一园_礼盒,分段封面,数字分身\模特\7717_Y26定制\分段封面\07_100041192218 龙谕酒庄单一园赤霞珠干红葡萄酒750ml2礼盒装 全00195905_cover.png,数字分身\模特\7717_Y26定制\分段封面\DH-MDL-0001-F013_模特_7717_Y26定制_龙谕单一园_礼盒_分段封面.png,07_100041192218 龙谕酒庄单一园赤霞珠干红葡萄酒750ml2礼盒装 全00195905_cover.png,DH-MDL-0001-F013_模特_7717_Y26定制_龙谕单一园_礼盒_分段封面.png,.png,,1618981,"数字分身,图片,7717_Y26定制_龙谕单一园_礼盒,分段封面,模特,龙谕,礼盒,封面",用于麦兔定制模特/数字人形象素材：7717_Y26定制_龙谕单一园_礼盒，角色：分段封面,,,,,,rename_only,唯一素材
DH-MDL-0001,DH-MDL-0001-F014,数字分身,模特,image,图片,7717_Y26定制_龙谕龙12,分段封面,数字分身\模特\7717_Y26定制\分段封面\08_100029295263 龙谕 龙12 干红葡萄酒 750ml4瓶 整箱装 全00192759_cover.png,数字分身\模特\7717_Y26定制\分段封面\DH-MDL-0001-F014_模特_7717_Y26定制_龙谕龙12_分段封面.png,08_100029295263 龙谕 龙12 干红葡萄酒 750ml4瓶 整箱装 全00192759_cover.png,DH-MDL-0001-F014_模特_7717_Y26定制_龙谕龙12_分段封面.png,.png,,1300063,"数字分身,图片,7717_Y26定制_龙谕龙12,分段封面,模特,龙谕,封面",用于麦兔定制模特/数字人形象素材：7717_Y26定制_龙谕龙12，角色：分段封面,,,,,,rename_only,唯一素材
DH-MDL-0001,DH-MDL-0001-F015,数字分身,模特,image,图片,7717_Y26定制_张裕通用口播,分段封面,数字分身\模特\7717_Y26定制\分段封面\09_张裕通用口播00183859_cover.png,数字分身\模特\7717_Y26定制\分段封面\DH-MDL-0001-F015_模特_7717_Y26定制_张裕通用口播_分段封面.png,09_张裕通用口播00183859_cover.png,DH-MDL-0001-F015_模特_7717_Y26定制_张裕通用口播_分段封面.png,.png,,1292012,"数字分身,图片,7717_Y26定制_张裕通用口播,分段封面,模特,张裕,封面",用于麦兔定制模特/数字人形象素材：7717_Y26定制_张裕通用口播，角色：分段封面,,,,,,rename_only,唯一素材
DH-MDL-0001,DH-MDL-0001-F016,数字分身,模特,image,图片,7717_Y26定制_龙谕龙8,分段封面,数字分身\模特\7717_Y26定制\分段封面\10_100029295221 龙谕 龙8 干红葡萄酒 750ml4瓶 整箱装 全2_00180000_cover.png,数字分身\模特\7717_Y26定制\分段封面\DH-MDL-0001-F016_模特_7717_Y26定制_龙谕龙8_分段封面.png,10_100029295221 龙谕 龙8 干红葡萄酒 750ml4瓶 整箱装 全2_00180000_cover.png,DH-MDL-0001-F016_模特_7717_Y26定制_龙谕龙8_分段封面.png,.png,,1302961,"数字分身,图片,7717_Y26定制_龙谕龙8,分段封面,模特,龙谕,封面",用于麦兔定制模特/数字人形象素材：7717_Y26定制_龙谕龙8，角色：分段封面,,,,,,rename_only,唯一素材
DH-MDL-0001,DH-MDL-0001-F017,数字分身,模特,video,视频,7717_Y26定制_多名利特选窖藏,训练素材,数字分身\模特\7717_Y26定制\训练素材\00_1477321 张裕 多名利特选窖藏 干红葡萄酒 750ml6瓶 整箱装 赤霞珠 全00221834.mov,数字分身\模特\7717_Y26定制\训练素材\DH-MDL-0001-F017_模特_7717_Y26定制_多名利特选窖藏_训练素材.mov,00_1477321 张裕 多名利特选窖藏 干红葡萄酒 750ml6瓶 整箱装 赤霞珠 全00221834.mov,DH-MDL-0001-F017_模特_7717_Y26定制_多名利特选窖藏_训练素材.mov,.mov,,997181449,"数字分身,视频,7717_Y26定制_多名利特选窖藏,训练素材,模特,张裕,训练",用于麦兔定制模特/数字人形象素材：7717_Y26定制_多名利特选窖藏，角色：训练素材,,,,,,rename_only,唯一素材
DH-MDL-0001,DH-MDL-0001-F018,数字分身,模特,video,视频,7717_Y26定制_N158_礼盒,训练素材,数字分身\模特\7717_Y26定制\训练素材\01_100029935774 张裕 九代解百纳N158 干红葡萄酒 750ml2瓶 红酒礼盒 全00218094.mov,数字分身\模特\7717_Y26定制\训练素材\DH-MDL-0001-F018_模特_7717_Y26定制_N158_礼盒_训练素材.mov,01_100029935774 张裕 九代解百纳N158 干红葡萄酒 750ml2瓶 红酒礼盒 全00218094.mov,DH-MDL-0001-F018_模特_7717_Y26定制_N158_礼盒_训练素材.mov,.mov,,1126716087,"数字分身,视频,7717_Y26定制_N158_礼盒,训练素材,模特,张裕,解百纳,礼盒,训练",用于麦兔定制模特/数字人形象素材：7717_Y26定制_N158_礼盒，角色：训练素材,,,,,,rename_only,唯一素材
DH-MDL-0001,DH-MDL-0001-F019,数字分身,模特,video,视频,7717_Y26定制_解百纳1937,训练素材,数字分身\模特\7717_Y26定制\训练素材\02_100014757963 张裕 九代解百纳1937 干红葡萄酒 750ml6瓶 整箱装 全00214434.mov,数字分身\模特\7717_Y26定制\训练素材\DH-MDL-0001-F019_模特_7717_Y26定制_解百纳1937_训练素材.mov,02_100014757963 张裕 九代解百纳1937 干红葡萄酒 750ml6瓶 整箱装 全00214434.mov,DH-MDL-0001-F019_模特_7717_Y26定制_解百纳1937_训练素材.mov,.mov,,1103402932,"数字分身,视频,7717_Y26定制_解百纳1937,训练素材,模特,张裕,解百纳,训练",用于麦兔定制模特/数字人形象素材：7717_Y26定制_解百纳1937，角色：训练素材,,,,,,rename_only,唯一素材
DH-MDL-0001,DH-MDL-0001-F020,数字分身,模特,video,视频,7717_Y26定制_品酒大师SUPER,训练素材,数字分身\模特\7717_Y26定制\训练素材\03_100164837228 张裕 九代解百纳 品酒大师super 干红葡萄酒 750ml 单瓶装 全2_00210690.mov,数字分身\模特\7717_Y26定制\训练素材\DH-MDL-0001-F020_模特_7717_Y26定制_品酒大师SUPER_训练素材.mov,03_100164837228 张裕 九代解百纳 品酒大师super 干红葡萄酒 750ml 单瓶装 全2_00210690.mov,DH-MDL-0001-F020_模特_7717_Y26定制_品酒大师SUPER_训练素材.mov,.mov,,1128009864,"数字分身,视频,7717_Y26定制_品酒大师SUPER,训练素材,模特,SUPER,张裕,品酒大师,解百纳,训练",用于麦兔定制模特/数字人形象素材：7717_Y26定制_品酒大师SUPER，角色：训练素材,,,,,,rename_only,唯一素材
DH-MDL-0001,DH-MDL-0001-F021,数字分身,模特,video,视频,7717_Y26定制_品酒大师MASTER,训练素材,数字分身\模特\7717_Y26定制\训练素材\04_100164837194 张裕 品酒大师master 750ml6瓶箱装 全2_00207038.mov,数字分身\模特\7717_Y26定制\训练素材\DH-MDL-0001-F021_模特_7717_Y26定制_品酒大师MASTER_训练素材.mov,04_100164837194 张裕 品酒大师master 750ml6瓶箱装 全2_00207038.mov,DH-MDL-0001-F021_模特_7717_Y26定制_品酒大师MASTER_训练素材.mov,.mov,,1100980882,"数字分身,视频,7717_Y26定制_品酒大师MASTER,训练素材,模特,MASTER,张裕,品酒大师,训练",用于麦兔定制模特/数字人形象素材：7717_Y26定制_品酒大师MASTER，角色：训练素材,,,,,,rename_only,唯一素材
DH-MDL-0001,DH-MDL-0001-F022,数字分身,模特,video,视频,7717_Y26定制_品酒大师PRO,训练素材,数字分身\模特\7717_Y26定制\训练素材\05_100164837226 张裕 九代解百纳 品酒大师pro 干红葡萄酒 750ml6瓶 整箱装 全00203310.mov,数字分身\模特\7717_Y26定制\训练素材\DH-MDL-0001-F022_模特_7717_Y26定制_品酒大师PRO_训练素材.mov,05_100164837226 张裕 九代解百纳 品酒大师pro 干红葡萄酒 750ml6瓶 整箱装 全00203310.mov,DH-MDL-0001-F022_模特_7717_Y26定制_品酒大师PRO_训练素材.mov,.mov,,1123430302,"数字分身,视频,7717_Y26定制_品酒大师PRO,训练素材,模特,PRO,张裕,品酒大师,解百纳,训练",用于麦兔定制模特/数字人形象素材：7717_Y26定制_品酒大师PRO，角色：训练素材,,,,,,rename_only,唯一素材
DH-MDL-0001,DH-MDL-0001-F023,数字分身,模特,video,视频,7717_Y26定制_品酒大师PLUS,训练素材,数字分身\模特\7717_Y26定制\训练素材\06_100296507068 张裕 九代解百纳 品酒大师plus 干红葡萄酒 750ml6瓶 整箱装 全00199697.mov,数字分身\模特\7717_Y26定制\训练素材\DH-MDL-0001-F023_模特_7717_Y26定制_品酒大师PLUS_训练素材.mov,06_100296507068 张裕 九代解百纳 品酒大师plus 干红葡萄酒 750ml6瓶 整箱装 全00199697.mov,DH-MDL-0001-F023_模特_7717_Y26定制_品酒大师PLUS_训练素材.mov,.mov,,1088811449,"数字分身,视频,7717_Y26定制_品酒大师PLUS,训练素材,模特,PLUS,张裕,品酒大师,解百纳,训练",用于麦兔定制模特/数字人形象素材：7717_Y26定制_品酒大师PLUS，角色：训练素材,,,,,,rename_only,唯一素材
DH-MDL-0001,DH-MDL-0001-F024,数字分身,模特,video,视频,7717_Y26定制_龙谕单一园_礼盒,训练素材,数字分身\模特\7717_Y26定制\训练素材\07_100041192218 龙谕酒庄单一园赤霞珠干红葡萄酒750ml2礼盒装 全00195905.mov,数字分身\模特\7717_Y26定制\训练素材\DH-MDL-0001-F024_模特_7717_Y26定制_龙谕单一园_礼盒_训练素材.mov,07_100041192218 龙谕酒庄单一园赤霞珠干红葡萄酒750ml2礼盒装 全00195905.mov,DH-MDL-0001-F024_模特_7717_Y26定制_龙谕单一园_礼盒_训练素材.mov,.mov,,1142965153,"数字分身,视频,7717_Y26定制_龙谕单一园_礼盒,训练素材,模特,龙谕,礼盒,训练",用于麦兔定制模特/数字人形象素材：7717_Y26定制_龙谕单一园_礼盒，角色：训练素材,,,,,,rename_only,唯一素材
DH-MDL-0001,DH-MDL-0001-F025,数字分身,模特,video,视频,7717_Y26定制_龙谕龙12,训练素材,数字分身\模特\7717_Y26定制\训练素材\08_100029295263 龙谕 龙12 干红葡萄酒 750ml4瓶 整箱装 全00192759.mov,数字分身\模特\7717_Y26定制\训练素材\DH-MDL-0001-F025_模特_7717_Y26定制_龙谕龙12_训练素材.mov,08_100029295263 龙谕 龙12 干红葡萄酒 750ml4瓶 整箱装 全00192759.mov,DH-MDL-0001-F025_模特_7717_Y26定制_龙谕龙12_训练素材.mov,.mov,,948379356,"数字分身,视频,7717_Y26定制_龙谕龙12,训练素材,模特,龙谕,训练",用于麦兔定制模特/数字人形象素材：7717_Y26定制_龙谕龙12，角色：训练素材,,,,,,rename_only,唯一素材
DH-MDL-0001,DH-MDL-0001-F026,数字分身,模特,video,视频,7717_Y26定制_张裕通用口播,训练素材,数字分身\模特\7717_Y26定制\训练素材\09_张裕通用口播00183859.mov,数字分身\模特\7717_Y26定制\训练素材\DH-MDL-0001-F026_模特_7717_Y26定制_张裕通用口播_训练素材.mov,09_张裕通用口播00183859.mov,DH-MDL-0001-F026_模特_7717_Y26定制_张裕通用口播_训练素材.mov,.mov,,2677321593,"数字分身,视频,7717_Y26定制_张裕通用口播,训练素材,模特,张裕,训练",用于麦兔定制模特/数字人形象素材：7717_Y26定制_张裕通用口播，角色：训练素材,,,,,,rename_only,唯一素材
DH-MDL-0001,DH-MDL-0001-F027,数字分身,模特,video,视频,7717_Y26定制_龙谕龙8,训练素材,数字分身\模特\7717_Y26定制\训练素材\10_100029295221 龙谕 龙8 干红葡萄酒 750ml4瓶 整箱装 全2_00180000.mov,数字分身\模特\7717_Y26定制\训练素材\DH-MDL-0001-F027_模特_7717_Y26定制_龙谕龙8_训练素材.mov,10_100029295221 龙谕 龙8 干红葡萄酒 750ml4瓶 整箱装 全2_00180000.mov,DH-MDL-0001-F027_模特_7717_Y26定制_龙谕龙8_训练素材.mov,.mov,,1162678870,"数字分身,视频,7717_Y26定制_龙谕龙8,训练素材,模特,龙谕,训练",用于麦兔定制模特/数字人形象素材：7717_Y26定制_龙谕龙8，角色：训练素材,,,,,,rename_only,唯一素材
DH-MDL-0001,DH-MDL-0001-F028,数字分身,模特,image,封面图,7717_Y26定制_多名利特选窖藏,训练素材封面,数字分身\模特\7717_Y26定制\训练素材封面\00_1477321 张裕 多名利特选窖藏 干红葡萄酒 750ml6瓶 整箱装 赤霞珠 全00221834.mov_cover,数字分身\模特\7717_Y26定制\训练素材封面\DH-MDL-0001-F028_模特_7717_Y26定制_多名利特选窖藏_训练素材封面.png,00_1477321 张裕 多名利特选窖藏 干红葡萄酒 750ml6瓶 整箱装 赤霞珠 全00221834.mov_cover,DH-MDL-0001-F028_模特_7717_Y26定制_多名利特选窖藏_训练素材封面.png,.png,,186727,"数字分身,封面图,7717_Y26定制_多名利特选窖藏,训练素材封面,模特,张裕,训练,封面",用于麦兔定制模特/数字人形象素材：7717_Y26定制_多名利特选窖藏，角色：训练素材封面,,,,,,rename_only,唯一素材
DH-MDL-0001,DH-MDL-0001-F029,数字分身,模特,image,封面图,7717_Y26定制_N158_礼盒,训练素材封面,数字分身\模特\7717_Y26定制\训练素材封面\01_100029935774 张裕 九代解百纳N158 干红葡萄酒 750ml2瓶 红酒礼盒 全00218094.mov_cover,数字分身\模特\7717_Y26定制\训练素材封面\DH-MDL-0001-F029_模特_7717_Y26定制_N158_礼盒_训练素材封面.png,01_100029935774 张裕 九代解百纳N158 干红葡萄酒 750ml2瓶 红酒礼盒 全00218094.mov_cover,DH-MDL-0001-F029_模特_7717_Y26定制_N158_礼盒_训练素材封面.png,.png,,214096,"数字分身,封面图,7717_Y26定制_N158_礼盒,训练素材封面,模特,张裕,解百纳,礼盒,训练,封面",用于麦兔定制模特/数字人形象素材：7717_Y26定制_N158_礼盒，角色：训练素材封面,,,,,,rename_only,唯一素材
DH-MDL-0001,DH-MDL-0001-F030,数字分身,模特,image,封面图,7717_Y26定制_解百纳1937,训练素材封面,数字分身\模特\7717_Y26定制\训练素材封面\02_100014757963 张裕 九代解百纳1937 干红葡萄酒 750ml6瓶 整箱装 全00214434.mov_cover,数字分身\模特\7717_Y26定制\训练素材封面\DH-MDL-0001-F030_模特_7717_Y26定制_解百纳1937_训练素材封面.png,02_100014757963 张裕 九代解百纳1937 干红葡萄酒 750ml6瓶 整箱装 全00214434.mov_cover,DH-MDL-0001-F030_模特_7717_Y26定制_解百纳1937_训练素材封面.png,.png,,186165,"数字分身,封面图,7717_Y26定制_解百纳1937,训练素材封面,模特,张裕,解百纳,训练,封面",用于麦兔定制模特/数字人形象素材：7717_Y26定制_解百纳1937，角色：训练素材封面,,,,,,rename_only,唯一素材
DH-MDL-0001,DH-MDL-0001-F031,数字分身,模特,image,封面图,7717_Y26定制_品酒大师SUPER,训练素材封面,数字分身\模特\7717_Y26定制\训练素材封面\03_100164837228 张裕 九代解百纳 品酒大师super 干红葡萄酒 750ml 单瓶装 全2_00210690.mov_cover,数字分身\模特\7717_Y26定制\训练素材封面\DH-MDL-0001-F031_模特_7717_Y26定制_品酒大师SUPER_训练素材封面.png,03_100164837228 张裕 九代解百纳 品酒大师super 干红葡萄酒 750ml 单瓶装 全2_00210690.mov_cover,DH-MDL-0001-F031_模特_7717_Y26定制_品酒大师SUPER_训练素材封面.png,.png,,182104,"数字分身,封面图,7717_Y26定制_品酒大师SUPER,训练素材封面,模特,SUPER,张裕,品酒大师,解百纳,训练,封面",用于麦兔定制模特/数字人形象素材：7717_Y26定制_品酒大师SUPER，角色：训练素材封面,,,,,,rename_only,唯一素材
DH-MDL-0001,DH-MDL-0001-F032,数字分身,模特,image,封面图,7717_Y26定制_品酒大师MASTER,训练素材封面,数字分身\模特\7717_Y26定制\训练素材封面\04_100164837194 张裕 品酒大师master 750ml6瓶箱装 全2_00207038.mov_cover,数字分身\模特\7717_Y26定制\训练素材封面\DH-MDL-0001-F032_模特_7717_Y26定制_品酒大师MASTER_训练素材封面.png,04_100164837194 张裕 品酒大师master 750ml6瓶箱装 全2_00207038.mov_cover,DH-MDL-0001-F032_模特_7717_Y26定制_品酒大师MASTER_训练素材封面.png,.png,,185858,"数字分身,封面图,7717_Y26定制_品酒大师MASTER,训练素材封面,模特,MASTER,张裕,品酒大师,训练,封面",用于麦兔定制模特/数字人形象素材：7717_Y26定制_品酒大师MASTER，角色：训练素材封面,,,,,,rename_only,唯一素材
DH-MDL-0001,DH-MDL-0001-F033,数字分身,模特,image,封面图,7717_Y26定制_品酒大师PRO,训练素材封面,数字分身\模特\7717_Y26定制\训练素材封面\05_100164837226 张裕 九代解百纳 品酒大师pro 干红葡萄酒 750ml6瓶 整箱装 全00203310.mov_cover,数字分身\模特\7717_Y26定制\训练素材封面\DH-MDL-0001-F033_模特_7717_Y26定制_品酒大师PRO_训练素材封面.png,05_100164837226 张裕 九代解百纳 品酒大师pro 干红葡萄酒 750ml6瓶 整箱装 全00203310.mov_cover,DH-MDL-0001-F033_模特_7717_Y26定制_品酒大师PRO_训练素材封面.png,.png,,183757,"数字分身,封面图,7717_Y26定制_品酒大师PRO,训练素材封面,模特,PRO,张裕,品酒大师,解百纳,训练,封面",用于麦兔定制模特/数字人形象素材：7717_Y26定制_品酒大师PRO，角色：训练素材封面,,,,,,rename_only,唯一素材
DH-MDL-0001,DH-MDL-0001-F034,数字分身,模特,image,封面图,7717_Y26定制_品酒大师PLUS,训练素材封面,数字分身\模特\7717_Y26定制\训练素材封面\06_100296507068 张裕 九代解百纳 品酒大师plus 干红葡萄酒 750ml6瓶 整箱装 全00199697.mov_cover,数字分身\模特\7717_Y26定制\训练素材封面\DH-MDL-0001-F034_模特_7717_Y26定制_品酒大师PLUS_训练素材封面.png,06_100296507068 张裕 九代解百纳 品酒大师plus 干红葡萄酒 750ml6瓶 整箱装 全00199697.mov_cover,DH-MDL-0001-F034_模特_7717_Y26定制_品酒大师PLUS_训练素材封面.png,.png,,182385,"数字分身,封面图,7717_Y26定制_品酒大师PLUS,训练素材封面,模特,PLUS,张裕,品酒大师,解百纳,训练,封面",用于麦兔定制模特/数字人形象素材：7717_Y26定制_品酒大师PLUS，角色：训练素材封面,,,,,,rename_only,唯一素材
DH-MDL-0001,DH-MDL-0001-F035,数字分身,模特,image,封面图,7717_Y26定制_龙谕单一园_礼盒,训练素材封面,数字分身\模特\7717_Y26定制\训练素材封面\07_100041192218 龙谕酒庄单一园赤霞珠干红葡萄酒750ml2礼盒装 全00195905.mov_cover,数字分身\模特\7717_Y26定制\训练素材封面\DH-MDL-0001-F035_模特_7717_Y26定制_龙谕单一园_礼盒_训练素材封面.png,07_100041192218 龙谕酒庄单一园赤霞珠干红葡萄酒750ml2礼盒装 全00195905.mov_cover,DH-MDL-0001-F035_模特_7717_Y26定制_龙谕单一园_礼盒_训练素材封面.png,.png,,196049,"数字分身,封面图,7717_Y26定制_龙谕单一园_礼盒,训练素材封面,模特,龙谕,礼盒,训练,封面",用于麦兔定制模特/数字人形象素材：7717_Y26定制_龙谕单一园_礼盒，角色：训练素材封面,,,,,,rename_only,唯一素材
DH-MDL-0001,DH-MDL-0001-F036,数字分身,模特,image,封面图,7717_Y26定制_龙谕龙12,训练素材封面,数字分身\模特\7717_Y26定制\训练素材封面\08_100029295263 龙谕 龙12 干红葡萄酒 750ml4瓶 整箱装 全00192759.mov_cover,数字分身\模特\7717_Y26定制\训练素材封面\DH-MDL-0001-F036_模特_7717_Y26定制_龙谕龙12_训练素材封面.png,08_100029295263 龙谕 龙12 干红葡萄酒 750ml4瓶 整箱装 全00192759.mov_cover,DH-MDL-0001-F036_模特_7717_Y26定制_龙谕龙12_训练素材封面.png,.png,,190877,"数字分身,封面图,7717_Y26定制_龙谕龙12,训练素材封面,模特,龙谕,训练,封面",用于麦兔定制模特/数字人形象素材：7717_Y26定制_龙谕龙12，角色：训练素材封面,,,,,,rename_only,唯一素材
DH-MDL-0001,DH-MDL-0001-F037,数字分身,模特,image,封面图,7717_Y26定制_张裕通用口播,训练素材封面,数字分身\模特\7717_Y26定制\训练素材封面\09_张裕通用口播00183859.mov_cover,数字分身\模特\7717_Y26定制\训练素材封面\DH-MDL-0001-F037_模特_7717_Y26定制_张裕通用口播_训练素材封面.png,09_张裕通用口播00183859.mov_cover,DH-MDL-0001-F037_模特_7717_Y26定制_张裕通用口播_训练素材封面.png,.png,,172389,"数字分身,封面图,7717_Y26定制_张裕通用口播,训练素材封面,模特,张裕,训练,封面",用于麦兔定制模特/数字人形象素材：7717_Y26定制_张裕通用口播，角色：训练素材封面,,,,,,rename_only,唯一素材
DH-MDL-0001,DH-MDL-0001-F038,数字分身,模特,image,封面图,7717_Y26定制_龙谕龙8,训练素材封面,数字分身\模特\7717_Y26定制\训练素材封面\10_100029295221 龙谕 龙8 干红葡萄酒 750ml4瓶 整箱装 全2_00180000.mov_cover,数字分身\模特\7717_Y26定制\训练素材封面\DH-MDL-0001-F038_模特_7717_Y26定制_龙谕龙8_训练素材封面.png,10_100029295221 龙谕 龙8 干红葡萄酒 750ml4瓶 整箱装 全2_00180000.mov_cover,DH-MDL-0001-F038_模特_7717_Y26定制_龙谕龙8_训练素材封面.png,.png,,181607,"数字分身,封面图,7717_Y26定制_龙谕龙8,训练素材封面,模特,龙谕,训练,封面",用于麦兔定制模特/数字人形象素材：7717_Y26定制_龙谕龙8，角色：训练素材封面,,,,,,rename_only,唯一素材
DH-MDL-0002,DH-MDL-0002-F001,数字分身,模特,image,图片,8856_明月,模特封面,数字分身\模特\8856_明月\8856_明月_cover_url.png,数字分身\模特\8856_明月\DH-MDL-0002-F001_模特_8856_明月_模特封面.png,8856_明月_cover_url.png,DH-MDL-0002-F001_模特_8856_明月_模特封面.png,.png,8856,1834311,"数字分身,图片,8856_明月,模特封面,模特",用于麦兔定制模特/数字人形象素材：8856_明月，角色：模特封面,DUP-003,3,4,数字分身\数字分身成品\40222_明月.png,274d54c4a4088a44d20df9d525a21adfeff87aca3a6e292a59ad62ca8ee5793a,rename_only,保留主文件，复核是否归档此重复文件
DH-MDL-0002,DH-MDL-0002-F002,数字分身,模特,video,视频,8856_明月,完整预览视频,数字分身\模特\8856_明月\8856_明月_full_preview_video.mp4,数字分身\模特\8856_明月\DH-MDL-0002-F002_模特_8856_明月_完整预览视频.mp4,8856_明月_full_preview_video.mp4,DH-MDL-0002-F002_模特_8856_明月_完整预览视频.mp4,.mp4,8856,378743798,"数字分身,视频,8856_明月,完整预览视频,模特",用于麦兔定制模特/数字人形象素材：8856_明月，角色：完整预览视频,,,,,,rename_only,唯一素材
DH-MDL-0002,DH-MDL-0002-F003,数字分身,模特,video,视频,8856_明月,口型对比视频,数字分身\模特\8856_明月\8856_明月_lip_comparison_video.mp4,数字分身\模特\8856_明月\DH-MDL-0002-F003_模特_8856_明月_口型对比视频.mp4,8856_明月_lip_comparison_video.mp4,DH-MDL-0002-F003_模特_8856_明月_口型对比视频.mp4,.mp4,8856,120022236,"数字分身,视频,8856_明月,口型对比视频,模特",用于麦兔定制模特/数字人形象素材：8856_明月，角色：口型对比视频,,,,,,rename_only,唯一素材
DH-MDL-0002,DH-MDL-0002-F004,数字分身,模特,video,视频,8856_明月,预览视频,数字分身\模特\8856_明月\8856_明月_preview_video.mp4,数字分身\模特\8856_明月\DH-MDL-0002-F004_模特_8856_明月_预览视频.mp4,8856_明月_preview_video.mp4,DH-MDL-0002-F004_模特_8856_明月_预览视频.mp4,.mp4,8856,1735147,"数字分身,视频,8856_明月,预览视频,模特",用于麦兔定制模特/数字人形象素材：8856_明月，角色：预览视频,,,,,,rename_only,唯一素材
DH-MDL-0002,DH-MDL-0002-F005,数字分身,模特,video,视频,8856_明月,训练合成视频,数字分身\模特\8856_明月\8856_明月_training_material.mp4,数字分身\模特\8856_明月\DH-MDL-0002-F005_模特_8856_明月_训练合成视频.mp4,8856_明月_training_material.mp4,DH-MDL-0002-F005_模特_8856_明月_训练合成视频.mp4,.mp4,8856,731976155,"数字分身,视频,8856_明月,训练合成视频,模特",用于麦兔定制模特/数字人形象素材：8856_明月，角色：训练合成视频,,,,,,rename_only,唯一素材
DH-MDL-0002,DH-MDL-0002-F006,数字分身,模特,image,图片,8856_明月_侧坐A,分段封面,数字分身\模特\8856_明月\分段封面\00_侧坐A_cover.png,数字分身\模特\8856_明月\分段封面\DH-MDL-0002-F006_模特_8856_明月_侧坐A_分段封面.png,00_侧坐A_cover.png,DH-MDL-0002-F006_模特_8856_明月_侧坐A_分段封面.png,.png,,1834311,"数字分身,图片,8856_明月_侧坐A,分段封面,模特,封面",用于麦兔定制模特/数字人形象素材：8856_明月_侧坐A，角色：分段封面,DUP-003,4,4,数字分身\数字分身成品\40222_明月.png,274d54c4a4088a44d20df9d525a21adfeff87aca3a6e292a59ad62ca8ee5793a,rename_only,保留主文件，复核是否归档此重复文件
DH-MDL-0002,DH-MDL-0002-F007,数字分身,模特,image,图片,8856_明月_站右A,分段封面,数字分身\模特\8856_明月\分段封面\01_站右A_cover.png,数字分身\模特\8856_明月\分段封面\DH-MDL-0002-F007_模特_8856_明月_站右A_分段封面.png,01_站右A_cover.png,DH-MDL-0002-F007_模特_8856_明月_站右A_分段封面.png,.png,,1492674,"数字分身,图片,8856_明月_站右A,分段封面,模特,封面",用于麦兔定制模特/数字人形象素材：8856_明月_站右A，角色：分段封面,,,,,,rename_only,唯一素材
DH-MDL-0002,DH-MDL-0002-F008,数字分身,模特,image,图片,8856_明月_站正面A,分段封面,数字分身\模特\8856_明月\分段封面\02_站正面A_cover.png,数字分身\模特\8856_明月\分段封面\DH-MDL-0002-F008_模特_8856_明月_站正面A_分段封面.png,02_站正面A_cover.png,DH-MDL-0002-F008_模特_8856_明月_站正面A_分段封面.png,.png,,1489211,"数字分身,图片,8856_明月_站正面A,分段封面,模特,封面",用于麦兔定制模特/数字人形象素材：8856_明月_站正面A，角色：分段封面,,,,,,rename_only,唯一素材
DH-MDL-0002,DH-MDL-0002-F009,数字分身,模特,image,图片,8856_明月_站左A,分段封面,数字分身\模特\8856_明月\分段封面\03_站左A_cover.png,数字分身\模特\8856_明月\分段封面\DH-MDL-0002-F009_模特_8856_明月_站左A_分段封面.png,03_站左A_cover.png,DH-MDL-0002-F009_模特_8856_明月_站左A_分段封面.png,.png,,1470123,"数字分身,图片,8856_明月_站左A,分段封面,模特,封面",用于麦兔定制模特/数字人形象素材：8856_明月_站左A，角色：分段封面,,,,,,rename_only,唯一素材
DH-MDL-0002,DH-MDL-0002-F010,数字分身,模特,image,图片,8856_明月_正坐A,分段封面,数字分身\模特\8856_明月\分段封面\04_正坐A_cover.png,数字分身\模特\8856_明月\分段封面\DH-MDL-0002-F010_模特_8856_明月_正坐A_分段封面.png,04_正坐A_cover.png,DH-MDL-0002-F010_模特_8856_明月_正坐A_分段封面.png,.png,,1872709,"数字分身,图片,8856_明月_正坐A,分段封面,模特,封面",用于麦兔定制模特/数字人形象素材：8856_明月_正坐A，角色：分段封面,,,,,,rename_only,唯一素材
DH-MDL-0002,DH-MDL-0002-F011,数字分身,模特,video,视频,8856_明月_侧坐A,训练素材,数字分身\模特\8856_明月\训练素材\00_侧坐A.mp4,数字分身\模特\8856_明月\训练素材\DH-MDL-0002-F011_模特_8856_明月_侧坐A_训练素材.mp4,00_侧坐A.mp4,DH-MDL-0002-F011_模特_8856_明月_侧坐A_训练素材.mp4,.mp4,,895726331,"数字分身,视频,8856_明月_侧坐A,训练素材,模特,训练",用于麦兔定制模特/数字人形象素材：8856_明月_侧坐A，角色：训练素材,,,,,,rename_only,唯一素材
DH-MDL-0002,DH-MDL-0002-F012,数字分身,模特,video,视频,8856_明月_站右A,训练素材,数字分身\模特\8856_明月\训练素材\01_站右A.mp4,数字分身\模特\8856_明月\训练素材\DH-MDL-0002-F012_模特_8856_明月_站右A_训练素材.mp4,01_站右A.mp4,DH-MDL-0002-F012_模特_8856_明月_站右A_训练素材.mp4,.mp4,,924835039,"数字分身,视频,8856_明月_站右A,训练素材,模特,训练",用于麦兔定制模特/数字人形象素材：8856_明月_站右A，角色：训练素材,,,,,,rename_only,唯一素材
DH-MDL-0002,DH-MDL-0002-F013,数字分身,模特,video,视频,8856_明月_站正面A,训练素材,数字分身\模特\8856_明月\训练素材\02_站正面A.mp4,数字分身\模特\8856_明月\训练素材\DH-MDL-0002-F013_模特_8856_明月_站正面A_训练素材.mp4,02_站正面A.mp4,DH-MDL-0002-F013_模特_8856_明月_站正面A_训练素材.mp4,.mp4,,910478981,"数字分身,视频,8856_明月_站正面A,训练素材,模特,训练",用于麦兔定制模特/数字人形象素材：8856_明月_站正面A，角色：训练素材,,,,,,rename_only,唯一素材
DH-MDL-0002,DH-MDL-0002-F014,数字分身,模特,video,视频,8856_明月_站左A,训练素材,数字分身\模特\8856_明月\训练素材\03_站左A.mp4,数字分身\模特\8856_明月\训练素材\DH-MDL-0002-F014_模特_8856_明月_站左A_训练素材.mp4,03_站左A.mp4,DH-MDL-0002-F014_模特_8856_明月_站左A_训练素材.mp4,.mp4,,911397454,"数字分身,视频,8856_明月_站左A,训练素材,模特,训练",用于麦兔定制模特/数字人形象素材：8856_明月_站左A，角色：训练素材,,,,,,rename_only,唯一素材
DH-MDL-0002,DH-MDL-0002-F015,数字分身,模特,video,视频,8856_明月_正坐A,训练素材,数字分身\模特\8856_明月\训练素材\04_正坐A.mp4,数字分身\模特\8856_明月\训练素材\DH-MDL-0002-F015_模特_8856_明月_正坐A_训练素材.mp4,04_正坐A.mp4,DH-MDL-0002-F015_模特_8856_明月_正坐A_训练素材.mp4,.mp4,,720087932,"数字分身,视频,8856_明月_正坐A,训练素材,模特,训练",用于麦兔定制模特/数字人形象素材：8856_明月_正坐A，角色：训练素材,,,,,,rename_only,唯一素材
DH-MDL-0002,DH-MDL-0002-F016,数字分身,模特,image,封面图,8856_明月_侧坐A,训练素材封面,数字分身\模特\8856_明月\训练素材封面\00_侧坐A.mp4_cover,数字分身\模特\8856_明月\训练素材封面\DH-MDL-0002-F016_模特_8856_明月_侧坐A_训练素材封面.png,00_侧坐A.mp4_cover,DH-MDL-0002-F016_模特_8856_明月_侧坐A_训练素材封面.png,.png,,134577,"数字分身,封面图,8856_明月_侧坐A,训练素材封面,模特,训练,封面",用于麦兔定制模特/数字人形象素材：8856_明月_侧坐A，角色：训练素材封面,,,,,,rename_only,唯一素材
DH-MDL-0002,DH-MDL-0002-F017,数字分身,模特,image,封面图,8856_明月_站右A,训练素材封面,数字分身\模特\8856_明月\训练素材封面\01_站右A.mp4_cover,数字分身\模特\8856_明月\训练素材封面\DH-MDL-0002-F017_模特_8856_明月_站右A_训练素材封面.png,01_站右A.mp4_cover,DH-MDL-0002-F017_模特_8856_明月_站右A_训练素材封面.png,.png,,188755,"数字分身,封面图,8856_明月_站右A,训练素材封面,模特,训练,封面",用于麦兔定制模特/数字人形象素材：8856_明月_站右A，角色：训练素材封面,,,,,,rename_only,唯一素材
DH-MDL-0002,DH-MDL-0002-F018,数字分身,模特,image,封面图,8856_明月_站正面A,训练素材封面,数字分身\模特\8856_明月\训练素材封面\02_站正面A.mp4_cover,数字分身\模特\8856_明月\训练素材封面\DH-MDL-0002-F018_模特_8856_明月_站正面A_训练素材封面.png,02_站正面A.mp4_cover,DH-MDL-0002-F018_模特_8856_明月_站正面A_训练素材封面.png,.png,,190271,"数字分身,封面图,8856_明月_站正面A,训练素材封面,模特,训练,封面",用于麦兔定制模特/数字人形象素材：8856_明月_站正面A，角色：训练素材封面,,,,,,rename_only,唯一素材
DH-MDL-0002,DH-MDL-0002-F019,数字分身,模特,image,封面图,8856_明月_站左A,训练素材封面,数字分身\模特\8856_明月\训练素材封面\03_站左A.mp4_cover,数字分身\模特\8856_明月\训练素材封面\DH-MDL-0002-F019_模特_8856_明月_站左A_训练素材封面.png,03_站左A.mp4_cover,DH-MDL-0002-F019_模特_8856_明月_站左A_训练素材封面.png,.png,,187863,"数字分身,封面图,8856_明月_站左A,训练素材封面,模特,训练,封面",用于麦兔定制模特/数字人形象素材：8856_明月_站左A，角色：训练素材封面,,,,,,rename_only,唯一素材
DH-MDL-0002,DH-MDL-0002-F020,数字分身,模特,image,封面图,8856_明月_正坐A,训练素材封面,数字分身\模特\8856_明月\训练素材封面\04_正坐A.mp4_cover,数字分身\模特\8856_明月\训练素材封面\DH-MDL-0002-F020_模特_8856_明月_正坐A_训练素材封面.png,04_正坐A.mp4_cover,DH-MDL-0002-F020_模特_8856_明月_正坐A_训练素材封面.png,.png,,132656,"数字分身,封面图,8856_明月_正坐A,训练素材封面,模特,训练,封面",用于麦兔定制模特/数字人形象素材：8856_明月_正坐A，角色：训练素材封面,,,,,,rename_only,唯一素材
DH-VOI-0001,DH-VOI-0001-F001,数字分身,音色,image,图片,3760_Y26音色,音色封面,数字分身\音色\3760_Y26音色\3760_Y26音色_cover_url.png,数字分身\音色\3760_Y26音色\DH-VOI-0001-F001_音色_3760_Y26音色_音色封面.png,3760_Y26音色_cover_url.png,DH-VOI-0001-F001_音色_3760_Y26音色_音色封面.png,.png,3760,74374,"数字分身,图片,3760_Y26音色,音色封面,音色",用于麦兔定制声音/音色素材：3760_Y26音色，角色：音色封面,DUP-005,1,2,数字分身\音色\3760_Y26音色\3760_Y26音色_cover_url.png,fe96622e959203937749b18e595b15678ae0c02dc4c62be8cdc80a2a3e1adc3b,rename_only,重复组主文件
DH-VOI-0001,DH-VOI-0001-F002,数字分身,音色,audio,音频,3760_Y26音色,试听音频,数字分身\音色\3760_Y26音色\3760_Y26音色_preview_audio.mp3,数字分身\音色\3760_Y26音色\DH-VOI-0001-F002_音色_3760_Y26音色_试听音频.mp3,3760_Y26音色_preview_audio.mp3,DH-VOI-0001-F002_音色_3760_Y26音色_试听音频.mp3,.mp3,3760,28356,"数字分身,音频,3760_Y26音色,试听音频,音色",用于麦兔定制声音/音色素材：3760_Y26音色，角色：试听音频,,,,,,rename_only,唯一素材
DH-VOI-0001,DH-VOI-0001-F003,数字分身,音色,audio,音频,3760_Y26音色,训练音频,数字分身\音色\3760_Y26音色\3760_Y26音色_training_material.mp3,数字分身\音色\3760_Y26音色\DH-VOI-0001-F003_音色_3760_Y26音色_训练音频.mp3,3760_Y26音色_training_material.mp3,DH-VOI-0001-F003_音色_3760_Y26音色_训练音频.mp3,.mp3,3760,476105,"数字分身,音频,3760_Y26音色,训练音频,音色",用于麦兔定制声音/音色素材：3760_Y26音色，角色：训练音频,,,,,,rename_only,唯一素材
DH-VOI-0002,DH-VOI-0002-F001,数字分身,音色,image,图片,4224_明月（五抖官旗）,音色封面,数字分身\音色\4224_明月（五抖官旗）\4224_明月（五抖官旗）_cover_url.png,数字分身\音色\4224_明月（五抖官旗）\DH-VOI-0002-F001_音色_4224_明月（五抖官旗）_音色封面.png,4224_明月（五抖官旗）_cover_url.png,DH-VOI-0002-F001_音色_4224_明月（五抖官旗）_音色封面.png,.png,4224,74374,"数字分身,图片,4224_明月（五抖官旗）,音色封面,音色",用于麦兔定制声音/音色素材：4224_明月（五抖官旗），角色：音色封面,DUP-005,2,2,数字分身\音色\3760_Y26音色\3760_Y26音色_cover_url.png,fe96622e959203937749b18e595b15678ae0c02dc4c62be8cdc80a2a3e1adc3b,rename_only,保留主文件，复核是否归档此重复文件
DH-VOI-0002,DH-VOI-0002-F002,数字分身,音色,audio,音频,4224_明月（五抖官旗）,试听音频,数字分身\音色\4224_明月（五抖官旗）\4224_明月（五抖官旗）_preview_audio.mp3,数字分身\音色\4224_明月（五抖官旗）\DH-VOI-0002-F002_音色_4224_明月（五抖官旗）_试听音频.mp3,4224_明月（五抖官旗）_preview_audio.mp3,DH-VOI-0002-F002_音色_4224_明月（五抖官旗）_试听音频.mp3,.mp3,4224,26196,"数字分身,音频,4224_明月（五抖官旗）,试听音频,音色",用于麦兔定制声音/音色素材：4224_明月（五抖官旗），角色：试听音频,,,,,,rename_only,唯一素材
DH-VOI-0002,DH-VOI-0002-F003,数字分身,音色,audio,音频,4224_明月（五抖官旗）,训练音频,数字分身\音色\4224_明月（五抖官旗）\4224_明月（五抖官旗）_training_material.mp3,数字分身\音色\4224_明月（五抖官旗）\DH-VOI-0002-F003_音色_4224_明月（五抖官旗）_训练音频.mp3,4224_明月（五抖官旗）_training_material.mp3,DH-VOI-0002-F003_音色_4224_明月（五抖官旗）_训练音频.mp3,.mp3,4224,1534130,"数字分身,音频,4224_明月（五抖官旗）,训练音频,音色",用于麦兔定制声音/音色素材：4224_明月（五抖官旗），角色：训练音频,,,,,,rename_only,唯一素材
MT-BG-0001,MT-BG-0001,背景,,image,直播背景,背景-3,图片,背景\37262_背景-3.png,背景\MT-BG-0001_背景_直播背景_背景-3.png,37262_背景-3.png,MT-BG-0001_背景_直播背景_背景-3.png,.png,37262,901202,"背景,直播背景,背景-3,图片",麦兔背景素材，用途：直播背景，主体：背景-3，角色：图片,,,,,,rename_only,唯一素材
MT-BG-0002,MT-BG-0002,背景,,image,直播背景,直播,图片,背景\39112_直播.jpeg,背景\MT-BG-0002_背景_直播背景_直播.jpeg,39112_直播.jpeg,MT-BG-0002_背景_直播背景_直播.jpeg,.jpeg,39112,843040,"背景,直播背景,直播,图片",麦兔背景素材，用途：直播背景，主体：直播，角色：图片,,,,,,rename_only,唯一素材
MT-BG-0003,MT-BG-0003,背景,,image,底部背景,底背景,图片,背景\39158_底背景.jpeg,背景\MT-BG-0003_背景_底部背景_底背景.jpeg,39158_底背景.jpeg,MT-BG-0003_背景_底部背景_底背景.jpeg,.jpeg,39158,472921,"背景,底部背景,底背景,图片",麦兔背景素材，用途：底部背景，主体：底背景，角色：图片,,,,,,rename_only,唯一素材
MT-BG-0004,MT-BG-0004,背景,,image,直播背景,微信图片_20260618221607_11_15,图片,背景\40131_微信图片_20260618221607_11_15.jpeg,背景\MT-BG-0004_背景_直播背景_微信图片_20260618221607_11_15.jpeg,40131_微信图片_20260618221607_11_15.jpeg,MT-BG-0004_背景_直播背景_微信图片_20260618221607_11_15.jpeg,.jpeg,40131,1456578,"背景,直播背景,微信图片_20260618221607_11_1,图片",麦兔背景素材，用途：直播背景，主体：微信图片_20260618221607_11_15，角色：图片,,,,,,rename_only,唯一素材
MT-DEC-0001,MT-DEC-0001,装饰,,image,图标,icon,图片,装饰\37263_icon.png,装饰\MT-DEC-0001_装饰_图标_icon.png,37263_icon.png,MT-DEC-0001_装饰_图标_icon.png,.png,37263,19462,"装饰,图标,icon,图片",麦兔装饰素材，用途：图标，主体：icon，角色：图片,,,,,,rename_only,唯一素材
MT-DEC-0002,MT-DEC-0002,装饰,,image,装饰,张裕百年,图片,装饰\37264_张裕百年.png,装饰\MT-DEC-0002_装饰_装饰_张裕百年.png,37264_张裕百年.png,MT-DEC-0002_装饰_装饰_张裕百年.png,.png,37264,9573,"装饰,张裕百年,图片,张裕",麦兔装饰素材，用途：装饰，主体：张裕百年，角色：图片,,,,,,rename_only,唯一素材
MT-DEC-0003,MT-DEC-0003,装饰,,image,品牌Logo,logo,图片,装饰\37265_logo.png,装饰\MT-DEC-0003_装饰_品牌Logo_logo.png,37265_logo.png,MT-DEC-0003_装饰_品牌Logo_logo.png,.png,37265,7411,"装饰,品牌Logo,logo,图片",麦兔装饰素材，用途：品牌Logo，主体：logo，角色：图片,,,,,,rename_only,唯一素材
MT-DEC-0004,MT-DEC-0004,装饰,,image,装饰底图,底图,图片,装饰\37266_底图.png,装饰\MT-DEC-0004_装饰_装饰底图_底图.png,37266_底图.png,MT-DEC-0004_装饰_装饰底图_底图.png,.png,37266,6966,"装饰,装饰底图,底图,图片",麦兔装饰素材，用途：装饰底图，主体：底图，角色：图片,,,,,,rename_only,唯一素材
MT-DEC-0005,MT-DEC-0005,装饰,,image,动效装饰,gif-01,动图,装饰\37267_gif-01.gif,装饰\MT-DEC-0005_装饰_动效装饰_gif-01.gif,37267_gif-01.gif,MT-DEC-0005_装饰_动效装饰_gif-01.gif,.gif,37267,47393,"装饰,动效装饰,gif-01,动图,gif",麦兔装饰素材，用途：动效装饰，主体：gif-01，角色：动图,,,,,,rename_only,唯一素材
MT-DEC-0006,MT-DEC-0006,装饰,,image,装饰,png,图片,装饰\37268_png.png,装饰\MT-DEC-0006_装饰_装饰_png.png,37268_png.png,MT-DEC-0006_装饰_装饰_png.png,.png,37268,100022,"装饰,png,图片",麦兔装饰素材，用途：装饰，主体：png，角色：图片,,,,,,rename_only,唯一素材
MT-DEC-0007,MT-DEC-0007,装饰,,image,贴片,AI贴片黑,图片,装饰\37560_AI贴片黑.png,装饰\MT-DEC-0007_装饰_贴片_AI贴片黑.png,37560_AI贴片黑.png,MT-DEC-0007_装饰_贴片_AI贴片黑.png,.png,37560,3965,"装饰,贴片,AI贴片黑,图片",麦兔装饰素材，用途：贴片，主体：AI贴片黑，角色：图片,,,,,,rename_only,唯一素材
MT-DEC-0008,MT-DEC-0008,装饰,,image,贴片,AI贴片白,图片,装饰\37561_AI贴片白.png,装饰\MT-DEC-0008_装饰_贴片_AI贴片白.png,37561_AI贴片白.png,MT-DEC-0008_装饰_贴片_AI贴片白.png,.png,37561,3738,"装饰,贴片,AI贴片白,图片",麦兔装饰素材，用途：贴片，主体：AI贴片白，角色：图片,,,,,,rename_only,唯一素材
MT-DEC-0009,MT-DEC-0009,装饰,,image,动效装饰,抽奖GIF新,动图,装饰\37562_抽奖GIF新.gif,装饰\MT-DEC-0009_装饰_动效装饰_抽奖GIF新.gif,37562_抽奖GIF新.gif,MT-DEC-0009_装饰_动效装饰_抽奖GIF新.gif,.gif,37562,47568,"装饰,动效装饰,抽奖GIF新,动图,gif",麦兔装饰素材，用途：动效装饰，主体：抽奖GIF新，角色：动图,,,,,,rename_only,唯一素材
MT-DEC-0010,MT-DEC-0010,装饰,,image,装饰底图,底,图片,装饰\39157_底.png,装饰\MT-DEC-0010_装饰_装饰底图_底.png,39157_底.png,MT-DEC-0010_装饰_装饰底图_底.png,.png,39157,600893,"装饰,装饰底图,底,图片",麦兔装饰素材，用途：装饰底图，主体：底，角色：图片,DUP-006,1,2,装饰\39157_底.png,b7b155c2bf61f84e636ae66a4ea61e2263978cb4fbed87c48f5a36931dd137b3,rename_only,重复组主文件
MT-DEC-0011,MT-DEC-0011,装饰,,image,装饰,头部1,图片,装饰\39159_头部1.png,装饰\MT-DEC-0011_装饰_装饰_头部1.png,39159_头部1.png,MT-DEC-0011_装饰_装饰_头部1.png,.png,39159,215782,"装饰,头部1,图片",麦兔装饰素材，用途：装饰，主体：头部1，角色：图片,DUP-007,1,2,装饰\39159_头部1.png,c27718e6435262ba021e62592965e880ca3a9d0816e56d83692ae7a320ac1aa5,rename_only,重复组主文件
MT-DEC-0012,MT-DEC-0012,装饰,,image,装饰,头部1,图片,装饰\39162_头部1.png,装饰\MT-DEC-0012_装饰_装饰_头部1.png,39162_头部1.png,MT-DEC-0012_装饰_装饰_头部1.png,.png,39162,215782,"装饰,头部1,图片",麦兔装饰素材，用途：装饰，主体：头部1，角色：图片,DUP-007,2,2,装饰\39159_头部1.png,c27718e6435262ba021e62592965e880ca3a9d0816e56d83692ae7a320ac1aa5,rename_only,保留主文件，复核是否归档此重复文件
MT-DEC-0013,MT-DEC-0013,装饰,,image,装饰底图,底,图片,装饰\39163_底.png,装饰\MT-DEC-0013_装饰_装饰底图_底.png,39163_底.png,MT-DEC-0013_装饰_装饰底图_底.png,.png,39163,600893,"装饰,装饰底图,底,图片",麦兔装饰素材，用途：装饰底图，主体：底，角色：图片,DUP-006,2,2,装饰\39157_底.png,b7b155c2bf61f84e636ae66a4ea61e2263978cb4fbed87c48f5a36931dd137b3,rename_only,保留主文件，复核是否归档此重复文件
MT-DEC-0014,MT-DEC-0014,装饰,,image,前景框,直播-前景,图片,装饰\39200_直播-前景.png,装饰\MT-DEC-0014_装饰_前景框_直播-前景.png,39200_直播-前景.png,MT-DEC-0014_装饰_前景框_直播-前景.png,.png,39200,505248,"装饰,前景框,直播-前景,图片",麦兔装饰素材，用途：前景框，主体：直播-前景，角色：图片,,,,,,rename_only,唯一素材
MT-DEC-0015,MT-DEC-0015,装饰,,image,装饰,100029295227,图片,装饰\39598_100029295227.png,装饰\MT-DEC-0015_装饰_装饰_100029295227.png,39598_100029295227.png,MT-DEC-0015_装饰_装饰_100029295227.png,.png,39598,193173,"装饰,100029295227,图片",麦兔装饰素材，用途：装饰，主体：100029295227，角色：图片,,,,,,rename_only,唯一素材
MT-DEC-0016,MT-DEC-0016,装饰,,image,商品贴片,品酒大师MASTER,图片,装饰\39605_100133684873--品酒大师(MASTER)单瓶-750ml.png,装饰\MT-DEC-0016_装饰_商品贴片_品酒大师MASTER.png,39605_100133684873--品酒大师(MASTER)单瓶-750ml.png,MT-DEC-0016_装饰_商品贴片_品酒大师MASTER.png,.png,39605,176058,"装饰,商品贴片,品酒大师MASTER,图片,MASTER,品酒大师",麦兔装饰素材，用途：商品贴片，主体：品酒大师MASTER，角色：图片,,,,,,rename_only,唯一素材
MT-DEC-0017,MT-DEC-0017,装饰,,image,商品贴片,品酒大师PLUS,图片,装饰\39894_plus.png,装饰\MT-DEC-0017_装饰_商品贴片_品酒大师PLUS.png,39894_plus.png,MT-DEC-0017_装饰_商品贴片_品酒大师PLUS.png,.png,39894,230193,"装饰,商品贴片,品酒大师PLUS,图片,PLUS",麦兔装饰素材，用途：商品贴片，主体：品酒大师PLUS，角色：图片,DUP-008,1,2,装饰\39894_plus.png,a348ed6096fe313b51ebefe3efefab1438669a226220914d4cdd276702e96f7c,rename_only,重复组主文件
MT-DEC-0018,MT-DEC-0018,装饰,,image,商品贴片,品酒大师PLUS,图片,装饰\39895_plus.png,装饰\MT-DEC-0018_装饰_商品贴片_品酒大师PLUS.png,39895_plus.png,MT-DEC-0018_装饰_商品贴片_品酒大师PLUS.png,.png,39895,230193,"装饰,商品贴片,品酒大师PLUS,图片,PLUS",麦兔装饰素材，用途：商品贴片，主体：品酒大师PLUS，角色：图片,DUP-008,2,2,装饰\39894_plus.png,a348ed6096fe313b51ebefe3efefab1438669a226220914d4cdd276702e96f7c,rename_only,保留主文件，复核是否归档此重复文件
MT-DEC-0019,MT-DEC-0019,装饰,,image,前景框,前景,图片,装饰\40100_前景.png,装饰\MT-DEC-0019_装饰_前景框_前景.png,40100_前景.png,MT-DEC-0019_装饰_前景框_前景.png,.png,40100,290676,"装饰,前景框,前景,图片",麦兔装饰素材，用途：前景框，主体：前景，角色：图片,,,,,,rename_only,唯一素材
MT-DEC-0020,MT-DEC-0020,装饰,,image,品牌Logo,标题+logo,图片,装饰\40101_标题+logo.png,装饰\MT-DEC-0020_装饰_品牌Logo_标题+logo.png,40101_标题+logo.png,MT-DEC-0020_装饰_品牌Logo_标题+logo.png,.png,40101,614708,"装饰,品牌Logo,标题+logo,图片,logo",麦兔装饰素材，用途：品牌Logo，主体：标题+logo，角色：图片,,,,,,rename_only,唯一素材
MT-DEC-0021,MT-DEC-0021,装饰,,image,动效装饰,转盘动图,动图,装饰\40103_转盘动图.gif,装饰\MT-DEC-0021_装饰_动效装饰_转盘动图.gif,40103_转盘动图.gif,MT-DEC-0021_装饰_动效装饰_转盘动图.gif,.gif,40103,53898,"装饰,动效装饰,转盘动图,动图,gif",麦兔装饰素材，用途：动效装饰，主体：转盘动图，角色：动图,,,,,,rename_only,唯一素材
MT-DEC-0022,MT-DEC-0022,装饰,,image,买赠贴片,张裕买赠,图片,装饰\40104_张裕买赠.png,装饰\MT-DEC-0022_装饰_买赠贴片_张裕买赠.png,40104_张裕买赠.png,MT-DEC-0022_装饰_买赠贴片_张裕买赠.png,.png,40104,131443,"装饰,买赠贴片,张裕买赠,图片,张裕",麦兔装饰素材，用途：买赠贴片，主体：张裕买赠，角色：图片,,,,,,rename_only,唯一素材
MT-DEC-0023,MT-DEC-0023,装饰,,image,动效装饰,标题动图-6088,动图,装饰\40105_标题动图-6088.gif,装饰\MT-DEC-0023_装饰_动效装饰_标题动图-6088.gif,40105_标题动图-6088.gif,MT-DEC-0023_装饰_动效装饰_标题动图-6088.gif,.gif,40105,24484787,"装饰,动效装饰,标题动图-6088,动图,gif",麦兔装饰素材，用途：动效装饰，主体：标题动图-6088，角色：动图,,,,,,rename_only,唯一素材
MT-DEC-0024,MT-DEC-0024,装饰,,image,商品贴片,品酒大师PRO,图片,装饰\40999_品酒大师(PRO）.png,装饰\MT-DEC-0024_装饰_商品贴片_品酒大师PRO.png,40999_品酒大师(PRO）.png,MT-DEC-0024_装饰_商品贴片_品酒大师PRO.png,.png,40999,162727,"装饰,商品贴片,品酒大师PRO,图片,PRO,品酒大师",麦兔装饰素材，用途：商品贴片，主体：品酒大师PRO，角色：图片,,,,,,rename_only,唯一素材
MT-DEC-0025,MT-DEC-0025,装饰,,image,礼盒装饰,礼盒,图片,装饰\41000_礼盒.png,装饰\MT-DEC-0025_装饰_礼盒装饰_礼盒.png,41000_礼盒.png,MT-DEC-0025_装饰_礼盒装饰_礼盒.png,.png,41000,457661,"装饰,礼盒装饰,礼盒,图片",麦兔装饰素材，用途：礼盒装饰，主体：礼盒，角色：图片,,,,,,rename_only,唯一素材
MT-DEC-0026,MT-DEC-0026,装饰,,image,动效装饰,6月29日(1)-7682,动图,装饰\41018_6月29日 (1)-7682.gif,装饰\MT-DEC-0026_装饰_动效装饰_6月29日(1)-7682.gif,41018_6月29日 (1)-7682.gif,MT-DEC-0026_装饰_动效装饰_6月29日(1)-7682.gif,.gif,41018,49154721,"装饰,动效装饰,6月29日(1)-7682,动图,gif",麦兔装饰素材，用途：动效装饰，主体：6月29日(1)-7682，角色：动图,,,,,,rename_only,唯一素材
MT-VID-0001,MT-VID-0001,视频,,video,开箱视频,龙谕龙8_开箱,视频,视频\37251_100029295221 龙8 礼盒开箱-380.mov,视频\MT-VID-0001_视频_开箱视频_龙谕龙8_开箱.mov,37251_100029295221 龙8 礼盒开箱-380.mov,MT-VID-0001_视频_开箱视频_龙谕龙8_开箱.mov,.mov,37251,443888644,"视频,开箱视频,龙谕龙8_开箱,礼盒,开箱",麦兔视频素材，用途：开箱视频，主体：龙谕龙8_开箱，角色：视频,,,,,,rename_only,唯一素材
MT-VID-0002,MT-VID-0002,视频,,video,商品整体视频,多名利特选窖藏_整体,视频,视频\37254_1477321 张裕 多名利特选窖藏 整体-7212.mov,视频\MT-VID-0002_视频_商品整体视频_多名利特选窖藏_整体.mov,37254_1477321 张裕 多名利特选窖藏 整体-7212.mov,MT-VID-0002_视频_商品整体视频_多名利特选窖藏_整体.mov,.mov,37254,602358928,"视频,商品整体视频,多名利特选窖藏_整体,张裕,整体",麦兔视频素材，用途：商品整体视频，主体：多名利特选窖藏_整体，角色：视频,,,,,,rename_only,唯一素材
MT-VID-0003,MT-VID-0003,视频,,video,商品整体视频,解百纳1937_整体,视频,视频\37256_100014757963 张裕 九代解百纳1937 整体-5836.mov,视频\MT-VID-0003_视频_商品整体视频_解百纳1937_整体.mov,37256_100014757963 张裕 九代解百纳1937 整体-5836.mov,MT-VID-0003_视频_商品整体视频_解百纳1937_整体.mov,.mov,37256,595334803,"视频,商品整体视频,解百纳1937_整体,张裕,解百纳,整体",麦兔视频素材，用途：商品整体视频，主体：解百纳1937_整体，角色：视频,,,,,,rename_only,唯一素材
MT-VID-0004,MT-VID-0004,视频,,video,商品整体视频,龙谕龙12_整体,视频,视频\37257_100029295263 龙12 整体-5899.mov,视频\MT-VID-0004_视频_商品整体视频_龙谕龙12_整体.mov,37257_100029295263 龙12 整体-5899.mov,MT-VID-0004_视频_商品整体视频_龙谕龙12_整体.mov,.mov,37257,256036443,"视频,商品整体视频,龙谕龙12_整体,整体",麦兔视频素材，用途：商品整体视频，主体：龙谕龙12_整体，角色：视频,,,,,,rename_only,唯一素材
MT-VID-0005,MT-VID-0005,视频,,video,酒体视频,龙谕龙12_酒体,视频,视频\37258_100029295263 龙12酒体-6360.mov,视频\MT-VID-0005_视频_酒体视频_龙谕龙12_酒体.mov,37258_100029295263 龙12酒体-6360.mov,MT-VID-0005_视频_酒体视频_龙谕龙12_酒体.mov,.mov,37258,461383027,"视频,酒体视频,龙谕龙12_酒体,酒体",麦兔视频素材，用途：酒体视频，主体：龙谕龙12_酒体，角色：视频,,,,,,rename_only,唯一素材
MT-VID-0006,MT-VID-0006,视频,,video,酒体视频,龙谕龙8_酒体,视频,视频\37318_100029295221 龙谕 龙8 酒体-8228.mov,视频\MT-VID-0006_视频_酒体视频_龙谕龙8_酒体.mov,37318_100029295221 龙谕 龙8 酒体-8228.mov,MT-VID-0006_视频_酒体视频_龙谕龙8_酒体.mov,.mov,37318,629655796,"视频,酒体视频,龙谕龙8_酒体,龙谕,酒体",麦兔视频素材，用途：酒体视频，主体：龙谕龙8_酒体，角色：视频,,,,,,rename_only,唯一素材
MT-VID-0007,MT-VID-0007,视频,,video,开箱视频,龙谕龙12_开箱,视频,视频\37319_100029295263 龙谕 龙12 开箱-836.mov,视频\MT-VID-0007_视频_开箱视频_龙谕龙12_开箱.mov,37319_100029295263 龙谕 龙12 开箱-836.mov,MT-VID-0007_视频_开箱视频_龙谕龙12_开箱.mov,.mov,37319,427269157,"视频,开箱视频,龙谕龙12_开箱,龙谕,开箱",麦兔视频素材，用途：开箱视频，主体：龙谕龙12_开箱，角色：视频,,,,,,rename_only,唯一素材
MT-VID-0008,MT-VID-0008,视频,,video,酒体视频,龙谕单一园_酒体,视频,视频\37321_100041192218 龙谕酒庄单一园酒体-2652.mov,视频\MT-VID-0008_视频_酒体视频_龙谕单一园_酒体.mov,37321_100041192218 龙谕酒庄单一园酒体-2652.mov,MT-VID-0008_视频_酒体视频_龙谕单一园_酒体.mov,.mov,37321,396944745,"视频,酒体视频,龙谕单一园_酒体,龙谕,酒体",麦兔视频素材，用途：酒体视频，主体：龙谕单一园_酒体，角色：视频,,,,,,rename_only,唯一素材
MT-VID-0009,MT-VID-0009,视频,,video,商品整体视频,龙谕龙8_整体,视频,视频\37322_100029295221 龙谕 龙8 整体-8446.mov,视频\MT-VID-0009_视频_商品整体视频_龙谕龙8_整体.mov,37322_100029295221 龙谕 龙8 整体-8446.mov,MT-VID-0009_视频_商品整体视频_龙谕龙8_整体.mov,.mov,37322,132443361,"视频,商品整体视频,龙谕龙8_整体,龙谕,整体",麦兔视频素材，用途：商品整体视频，主体：龙谕龙8_整体，角色：视频,,,,,,rename_only,唯一素材
MT-VID-0010,MT-VID-0010,视频,,video,商品整体视频,品酒大师PLUS_整体,视频,视频\37342_100296507068 张裕 九代解百纳 品酒大师plus 整体-9504.mov,视频\MT-VID-0010_视频_商品整体视频_品酒大师PLUS_整体.mov,37342_100296507068 张裕 九代解百纳 品酒大师plus 整体-9504.mov,MT-VID-0010_视频_商品整体视频_品酒大师PLUS_整体.mov,.mov,37342,227747761,"视频,商品整体视频,品酒大师PLUS_整体,PLUS,张裕,品酒大师,解百纳,整体",麦兔视频素材，用途：商品整体视频，主体：品酒大师PLUS_整体，角色：视频,,,,,,rename_only,唯一素材
MT-VID-0011,MT-VID-0011,视频,,video,酒体视频,品酒大师PLUS_酒体,视频,视频\37343_100296507068 张裕 九代解百纳 品酒大师plus 酒体-4101.mov,视频\MT-VID-0011_视频_酒体视频_品酒大师PLUS_酒体.mov,37343_100296507068 张裕 九代解百纳 品酒大师plus 酒体-4101.mov,MT-VID-0011_视频_酒体视频_品酒大师PLUS_酒体.mov,.mov,37343,584342699,"视频,酒体视频,品酒大师PLUS_酒体,PLUS,张裕,品酒大师,解百纳,酒体",麦兔视频素材，用途：酒体视频，主体：品酒大师PLUS_酒体，角色：视频,,,,,,rename_only,唯一素材
MT-VID-0012,MT-VID-0012,视频,,video,商品整体视频,品酒大师SUPER_整体,视频,视频\37344_100164837228 张裕 九代解百纳 品酒大师super 整体-7124.MOV,视频\MT-VID-0012_视频_商品整体视频_品酒大师SUPER_整体.mov,37344_100164837228 张裕 九代解百纳 品酒大师super 整体-7124.MOV,MT-VID-0012_视频_商品整体视频_品酒大师SUPER_整体.mov,.mov,37344,216201333,"视频,商品整体视频,品酒大师SUPER_整体,SUPER,张裕,品酒大师,解百纳,整体",麦兔视频素材，用途：商品整体视频，主体：品酒大师SUPER_整体，角色：视频,,,,,,rename_only,唯一素材
MT-VID-0013,MT-VID-0013,视频,,video,开箱视频,N158_开箱,视频,视频\37345_100029935774 张裕 九代解百纳N158开箱-7110.mov,视频\MT-VID-0013_视频_开箱视频_N158_开箱.mov,37345_100029935774 张裕 九代解百纳N158开箱-7110.mov,MT-VID-0013_视频_开箱视频_N158_开箱.mov,.mov,37345,217100566,"视频,开箱视频,N158_开箱,张裕,解百纳,开箱",麦兔视频素材，用途：开箱视频，主体：N158_开箱，角色：视频,,,,,,rename_only,唯一素材
MT-VID-0014,MT-VID-0014,视频,,video,酒体视频,品酒大师SUPER_酒体,视频,视频\37346_100164837228 张裕 九代解百纳 品酒大师super 酒体-4925.MOV,视频\MT-VID-0014_视频_酒体视频_品酒大师SUPER_酒体.mov,37346_100164837228 张裕 九代解百纳 品酒大师super 酒体-4925.MOV,MT-VID-0014_视频_酒体视频_品酒大师SUPER_酒体.mov,.mov,37346,496016261,"视频,酒体视频,品酒大师SUPER_酒体,SUPER,张裕,品酒大师,解百纳,酒体",麦兔视频素材，用途：酒体视频，主体：品酒大师SUPER_酒体，角色：视频,,,,,,rename_only,唯一素材
MT-VID-0015,MT-VID-0015,视频,,video,开箱视频,品酒大师SUPER_开箱,视频,视频\37347_100164837228 张裕 九代解百纳 品酒大师super 开箱展示-7240.MOV,视频\MT-VID-0015_视频_开箱视频_品酒大师SUPER_开箱.mov,37347_100164837228 张裕 九代解百纳 品酒大师super 开箱展示-7240.MOV,MT-VID-0015_视频_开箱视频_品酒大师SUPER_开箱.mov,.mov,37347,503229788,"视频,开箱视频,品酒大师SUPER_开箱,SUPER,张裕,品酒大师,解百纳,开箱",麦兔视频素材，用途：开箱视频，主体：品酒大师SUPER_开箱，角色：视频,,,,,,rename_only,唯一素材
MT-VID-0016,MT-VID-0016,视频,,video,酒体视频,品酒大师PRO_酒体,视频,视频\37348_100164837226 张裕 九代解百纳 品酒大师pro 酒体-2833.mov,视频\MT-VID-0016_视频_酒体视频_品酒大师PRO_酒体.mov,37348_100164837226 张裕 九代解百纳 品酒大师pro 酒体-2833.mov,MT-VID-0016_视频_酒体视频_品酒大师PRO_酒体.mov,.mov,37348,585074454,"视频,酒体视频,品酒大师PRO_酒体,PRO,张裕,品酒大师,解百纳,酒体",麦兔视频素材，用途：酒体视频，主体：品酒大师PRO_酒体，角色：视频,,,,,,rename_only,唯一素材
MT-VID-0017,MT-VID-0017,视频,,video,商品整体视频,品酒大师MASTER_整体,视频,视频\37349_100164837194 张裕 品酒大师master 整体-4647.mov,视频\MT-VID-0017_视频_商品整体视频_品酒大师MASTER_整体.mov,37349_100164837194 张裕 品酒大师master 整体-4647.mov,MT-VID-0017_视频_商品整体视频_品酒大师MASTER_整体.mov,.mov,37349,123760101,"视频,商品整体视频,品酒大师MASTER_整体,MASTER,张裕,品酒大师,整体",麦兔视频素材，用途：商品整体视频，主体：品酒大师MASTER_整体，角色：视频,,,,,,rename_only,唯一素材
MT-VID-0018,MT-VID-0018,视频,,video,商品讲解视频,解百纳1937,视频,视频\37350_100014757963 张裕 九代解百纳1937-5469.mov,视频\MT-VID-0018_视频_商品讲解视频_解百纳1937.mov,37350_100014757963 张裕 九代解百纳1937-5469.mov,MT-VID-0018_视频_商品讲解视频_解百纳1937.mov,.mov,37350,156184038,"视频,商品讲解视频,解百纳1937,张裕,解百纳",麦兔视频素材，用途：商品讲解视频，主体：解百纳1937，角色：视频,,,,,,rename_only,唯一素材
MT-VID-0019,MT-VID-0019,视频,,video,酒体视频,N158_酒体,视频,视频\37351_100029935774 张裕 九代解百纳N158 酒体-889.mov,视频\MT-VID-0019_视频_酒体视频_N158_酒体.mov,37351_100029935774 张裕 九代解百纳N158 酒体-889.mov,MT-VID-0019_视频_酒体视频_N158_酒体.mov,.mov,37351,138001894,"视频,酒体视频,N158_酒体,张裕,解百纳,酒体",麦兔视频素材，用途：酒体视频，主体：N158_酒体，角色：视频,,,,,,rename_only,唯一素材
MT-VID-0020,MT-VID-0020,视频,,video,开箱视频,龙谕单一园_开箱,视频,视频\37384_100041192218 龙谕酒庄单一园开箱-4140.mov,视频\MT-VID-0020_视频_开箱视频_龙谕单一园_开箱.mov,37384_100041192218 龙谕酒庄单一园开箱-4140.mov,MT-VID-0020_视频_开箱视频_龙谕单一园_开箱.mov,.mov,37384,110239206,"视频,开箱视频,龙谕单一园_开箱,龙谕,开箱",麦兔视频素材，用途：开箱视频，主体：龙谕单一园_开箱，角色：视频,,,,,,rename_only,唯一素材
MT-VID-0021,MT-VID-0021,视频,,video,视频素材,Timeline1-4699,视频,视频\39780_Timeline 1-4699.mov,视频\MT-VID-0021_视频_视频素材_Timeline1-4699.mov,39780_Timeline 1-4699.mov,MT-VID-0021_视频_视频素材_Timeline1-4699.mov,.mov,39780,33873687,"视频,视频素材,Timeline1-4699",麦兔视频素材，用途：视频素材，主体：Timeline1-4699，角色：视频,,,,,,rename_only,唯一素材
MT-VID-0022,MT-VID-0022,视频,,video,视频素材,6月25日-3436,视频,视频\40725_6月25日-3436.mov,视频\MT-VID-0022_视频_视频素材_6月25日-3436.mov,40725_6月25日-3436.mov,MT-VID-0022_视频_视频素材_6月25日-3436.mov,.mov,40725,246988260,"视频,视频素材,6月25日-3436",麦兔视频素材，用途：视频素材，主体：6月25日-3436，角色：视频,,,,,,rename_only,唯一素材
MT-VID-0023,MT-VID-0023,视频,,video,商品讲解视频,品酒大师MASTER,视频,视频\40773_master-2849.mp4,视频\MT-VID-0023_视频_商品讲解视频_品酒大师MASTER.mp4,40773_master-2849.mp4,MT-VID-0023_视频_商品讲解视频_品酒大师MASTER.mp4,.mp4,40773,12867635,"视频,商品讲解视频,品酒大师MASTER,MASTER",麦兔视频素材，用途：商品讲解视频，主体：品酒大师MASTER，角色：视频,,,,,,rename_only,唯一素材
MT-VID-0024,MT-VID-0024,视频,,video,商品讲解视频,品酒大师PRO,视频,视频\40774_pro-6765.mp4,视频\MT-VID-0024_视频_商品讲解视频_品酒大师PRO.mp4,40774_pro-6765.mp4,MT-VID-0024_视频_商品讲解视频_品酒大师PRO.mp4,.mp4,40774,13847586,"视频,商品讲解视频,品酒大师PRO,PRO",麦兔视频素材，用途：商品讲解视频，主体：品酒大师PRO，角色：视频,,,,,,rename_only,唯一素材
MT-VID-0025,MT-VID-0025,视频,,video,商品讲解视频,品酒大师PLUS,视频,视频\40775_plus-8396.mp4,视频\MT-VID-0025_视频_商品讲解视频_品酒大师PLUS.mp4,40775_plus-8396.mp4,MT-VID-0025_视频_商品讲解视频_品酒大师PLUS.mp4,.mp4,40775,28633274,"视频,商品讲解视频,品酒大师PLUS,PLUS",麦兔视频素材，用途：商品讲解视频，主体：品酒大师PLUS，角色：视频,,,,,,rename_only,唯一素材
MT-VID-0026,MT-VID-0026,视频,,video,商品讲解视频,品酒大师SUPER,视频,视频\40776_super-8307.mp4,视频\MT-VID-0026_视频_商品讲解视频_品酒大师SUPER.mp4,40776_super-8307.mp4,MT-VID-0026_视频_商品讲解视频_品酒大师SUPER.mp4,.mp4,40776,19319938,"视频,商品讲解视频,品酒大师SUPER,SUPER",麦兔视频素材，用途：商品讲解视频，主体：品酒大师SUPER，角色：视频,,,,,,rename_only,唯一素材
MT-VID-0027,MT-VID-0027,视频,,video,品牌TVC,品酒大师_TVC,视频,视频\40778_品酒大师TVC（最终版）-1615.mp4,视频\MT-VID-0027_视频_品牌TVC_品酒大师_TVC.mp4,40778_品酒大师TVC（最终版）-1615.mp4,MT-VID-0027_视频_品牌TVC_品酒大师_TVC.mp4,.mp4,40778,251444717,"视频,品牌TVC,品酒大师_TVC,tvc,品酒大师",麦兔视频素材，用途：品牌TVC，主体：品酒大师_TVC，角色：视频,,,,,,rename_only,唯一素材
MT-VID-0028,MT-VID-0028,视频,,video,视频素材,6月29日(2)-9051,视频,视频\41043_6月29日 (2)-9051.mp4,视频\MT-VID-0028_视频_视频素材_6月29日(2)-9051.mp4,41043_6月29日 (2)-9051.mp4,MT-VID-0028_视频_视频素材_6月29日(2)-9051.mp4,.mp4,41043,12168226,"视频,视频素材,6月29日(2)-9051",麦兔视频素材，用途：视频素材，主体：6月29日(2)-9051，角色：视频,,,,,,rename_only,唯一素材
MT-TPL-0001,MT-TPL-0001,模版,,image,模板预览,张裕618背景_preview,图片,模版\302_张裕618背景\302_张裕618背景_preview.png,模版\302_张裕618背景\MT-TPL-0001_模版_模板预览_张裕618背景_preview.png,302_张裕618背景_preview.png,MT-TPL-0001_模版_模板预览_张裕618背景_preview.png,.png,302,177162,"模版,模板预览,张裕618背景_preview,图片,张裕",麦兔模版素材，用途：模板预览，主体：张裕618背景_preview，角色：图片,,,,,,rename_only,唯一素材
