file_code,entity_code,asset_type,media_kind,maitu_type,maitu_subtype,maitu_category,usage,subject,file_role,title,relative_path,filename,file_ext,mime_type,file_size,sha256,tags,browser_use_hint,local_relative_path,duplicate_group,duplicate_rank,duplicate_count,duplicate_primary_local_file_code,duplicate_primary_relative_path,is_duplicate_primary,parse_status,parse_issue
DH-AVT-0001-F002,DH-AVT-0001,IMG,image,数字分身,数字分身成品,digital_human_video,图片,37200_张裕定制形象260519,成品封面,数字分身 - 图片 - 37200_张裕定制形象260519 - 成品封面,数字分身/数字分身成品/37200_张裕定制形象260519/DH-AVT-0001-F002_数字分身成品_37200_张裕定制形象260519_成品封面.png,DH-AVT-0001-F002_数字分身成品_37200_张裕定制形象260519_成品封面.png,.png,image/png,1452253,85c3192b32064ee42c9e60ab001c61b3e087a962a6e2989e89d84cc62f1d4eb3,"数字分身,数字分身成品,图片,37200,张裕定制形象260519,成品封面,张裕",用于麦兔数字分身相关选择：37200_张裕定制形象260519，角色：成品封面,,DUP-001,1,4,DH-AVT-0001-F002,数字分身/数字分身成品/37200_张裕定制形象260519/DH-AVT-0001-F002_数字分身成品_37200_张裕定制形象260519_成品封面.png,True,parsed,
DH-AVT-0001-F003,DH-AVT-0001,VID,video,数字分身,数字分身成品,digital_human_video,视频,37200_张裕定制形象260519,成品预览视频,数字分身 - 视频 - 37200_张裕定制形象260519 - 成品预览视频,数字分身/数字分身成品/37200_张裕定制形象260519/DH-AVT-0001-F003_数字分身成品_37200_张裕定制形象260519_成品预览视频.mp4,DH-AVT-0001-F003_数字分身成品_37200_张裕定制形象260519_成品预览视频.mp4,.mp4,video/mp4,2242608,276cf56baad5dc446b67f8c4cab501cffaba866c1993a6d066a921ebec8f51a9,"数字分身,数字分身成品,视频,37200,张裕定制形象260519,成品预览视频,张裕",用于麦兔数字分身相关选择：37200_张裕定制形象260519，角色：成品预览视频,,DUP-002,1,2,DH-AVT-0001-F003,数字分身/数字分身成品/37200_张裕定制形象260519/DH-AVT-0001-F003_数字分身成品_37200_张裕定制形象260519_成品预览视频.mp4,True,parsed,
DH-AVT-0002-F002,DH-AVT-0002,IMG,image,数字分身,数字分身成品,digital_human_video,图片,40222_明月,成品封面,数字分身 - 图片 - 40222_明月 - 成品封面,数字分身/数字分身成品/40222_明月/DH-AVT-0002-F002_数字分身成品_40222_明月_成品封面.png,DH-AVT-0002-F002_数字分身成品_40222_明月_成品封面.png,.png,image/png,1834311,274d54c4a4088a44d20df9d525a21adfeff87aca3a6e292a59ad62ca8ee5793a,"数字分身,数字分身成品,图片,40222,明月,成品封面",用于麦兔数字分身相关选择：40222_明月，角色：成品封面,,DUP-003,1,4,DH-AVT-0002-F002,数字分身/数字分身成品/40222_明月/DH-AVT-0002-F002_数字分身成品_40222_明月_成品封面.png,True,parsed,
DH-AVT-0002-F003,DH-AVT-0002,VID,video,数字分身,数字分身成品,digital_human_video,视频,40222_明月,成品预览视频,数字分身 - 视频 - 40222_明月 - 成品预览视频,数字分身/数字分身成品/40222_明月/DH-AVT-0002-F003_数字分身成品_40222_明月_成品预览视频.mp4,DH-AVT-0002-F003_数字分身成品_40222_明月_成品预览视频.mp4,.mp4,video/mp4,2903301,e11da9d2c8c9371a33fc6d7246bd3ebb11b76f5eec51bbeaef19cc495a97b298,"数字分身,数字分身成品,视频,40222,明月,成品预览视频",用于麦兔数字分身相关选择：40222_明月，角色：成品预览视频,,DUP-004,1,2,DH-AVT-0002-F003,数字分身/数字分身成品/40222_明月/DH-AVT-0002-F003_数字分身成品_40222_明月_成品预览视频.mp4,True,parsed,
DH-AVT-0001-F001,DH-AVT-0001,IMG,image,数字分身,数字分身成品,digital_human_video,图片,37200_张裕定制形象260519,成品封面,数字分身 - 图片 - 37200_张裕定制形象260519 - 成品封面,数字分身/数字分身成品/DH-AVT-0001-F001_数字分身成品_37200_张裕定制形象260519_成品封面.png,DH-AVT-0001-F001_数字分身成品_37200_张裕定制形象260519_成品封面.png,.png,image/png,1452253,85c3192b32064ee42c9e60ab001c61b3e087a962a6e2989e89d84cc62f1d4eb3,"数字分身,数字分身成品,图片,37200,张裕定制形象260519,成品封面,张裕",用于麦兔数字分身相关选择：37200_张裕定制形象260519，角色：成品封面,,DUP-001,2,4,DH-AVT-0001-F002,数字分身/数字分身成品/37200_张裕定制形象260519/DH-AVT-0001-F002_数字分身成品_37200_张裕定制形象260519_成品封面.png,False,parsed,
DH-AVT-0001-F004,DH-AVT-0001,VID,video,数字分身,数字分身成品,digital_human_video,视频,37200_张裕定制形象260519,成品预览视频,数字分身 - 视频 - 37200_张裕定制形象260519 - 成品预览视频,数字分身/数字分身成品/DH-AVT-0001-F004_数字分身成品_37200_张裕定制形象260519_成品预览视频.mp4,DH-AVT-0001-F004_数字分身成品_37200_张裕定制形象260519_成品预览视频.mp4,.mp4,video/mp4,2242608,276cf56baad5dc446b67f8c4cab501cffaba866c1993a6d066a921ebec8f51a9,"数字分身,数字分身成品,视频,37200,张裕定制形象260519,成品预览视频,张裕",用于麦兔数字分身相关选择：37200_张裕定制形象260519，角色：成品预览视频,,DUP-002,2,2,DH-AVT-0001-F003,数字分身/数字分身成品/37200_张裕定制形象260519/DH-AVT-0001-F003_数字分身成品_37200_张裕定制形象260519_成品预览视频.mp4,False,parsed,
DH-AVT-0002-F001,DH-AVT-0002,IMG,image,数字分身,数字分身成品,digital_human_video,图片,40222_明月,成品封面,数字分身 - 图片 - 40222_明月 - 成品封面,数字分身/数字分身成品/DH-AVT-0002-F001_数字分身成品_40222_明月_成品封面.png,DH-AVT-0002-F001_数字分身成品_40222_明月_成品封面.png,.png,image/png,1834311,274d54c4a4088a44d20df9d525a21adfeff87aca3a6e292a59ad62ca8ee5793a,"数字分身,数字分身成品,图片,40222,明月,成品封面",用于麦兔数字分身相关选择：40222_明月，角色：成品封面,,DUP-003,2,4,DH-AVT-0002-F002,数字分身/数字分身成品/40222_明月/DH-AVT-0002-F002_数字分身成品_40222_明月_成品封面.png,False,parsed,
DH-AVT-0002-F004,DH-AVT-0002,VID,video,数字分身,数字分身成品,digital_human_video,视频,40222_明月,成品预览视频,数字分身 - 视频 - 40222_明月 - 成品预览视频,数字分身/数字分身成品/DH-AVT-0002-F004_数字分身成品_40222_明月_成品预览视频.mp4,DH-AVT-0002-F004_数字分身成品_40222_明月_成品预览视频.mp4,.mp4,video/mp4,2903301,e11da9d2c8c9371a33fc6d7246bd3ebb11b76f5eec51bbeaef19cc495a97b298,"数字分身,数字分身成品,视频,40222,明月,成品预览视频",用于麦兔数字分身相关选择：40222_明月，角色：成品预览视频,,DUP-004,2,2,DH-AVT-0002-F003,数字分身/数字分身成品/40222_明月/DH-AVT-0002-F003_数字分身成品_40222_明月_成品预览视频.mp4,False,parsed,
DH-MDL-0001-F001,DH-MDL-0001,IMG,image,数字分身,模特,digital_human_video,图片,7717_Y26定制,模特封面,数字分身 - 图片 - 7717_Y26定制 - 模特封面,数字分身/模特/7717_Y26定制/DH-MDL-0001-F001_模特_7717_Y26定制_模特封面.png,DH-MDL-0001-F001_模特_7717_Y26定制_模特封面.png,.png,image/png,1452253,85c3192b32064ee42c9e60ab001c61b3e087a962a6e2989e89d84cc62f1d4eb3,"数字分身,模特,图片,7717,Y26定制,模特封面",用于麦兔数字分身相关选择：7717_Y26定制，角色：模特封面,,DUP-001,3,4,DH-AVT-0001-F002,数字分身/数字分身成品/37200_张裕定制形象260519/DH-AVT-0001-F002_数字分身成品_37200_张裕定制形象260519_成品封面.png,False,parsed,
DH-MDL-0001-F002,DH-MDL-0001,VID,video,数字分身,模特,digital_human_video,视频,7717_Y26定制,完整预览视频,数字分身 - 视频 - 7717_Y26定制 - 完整预览视频,数字分身/模特/7717_Y26定制/DH-MDL-0001-F002_模特_7717_Y26定制_完整预览视频.mp4,DH-MDL-0001-F002_模特_7717_Y26定制_完整预览视频.mp4,.mp4,video/mp4,465825418,e51519cd14ae47b400fd64f814edf5b7a0750b035c55e1d3ec24b4342f445d83,"数字分身,模特,视频,7717,Y26定制,完整预览视频",用于麦兔数字分身相关选择：7717_Y26定制，角色：完整预览视频,,,,,,,False,parsed,
DH-MDL-0001-F003,DH-MDL-0001,VID,video,数字分身,模特,digital_human_video,视频,7717_Y26定制,口型对比视频,数字分身 - 视频 - 7717_Y26定制 - 口型对比视频,数字分身/模特/7717_Y26定制/DH-MDL-0001-F003_模特_7717_Y26定制_口型对比视频.mp4,DH-MDL-0001-F003_模特_7717_Y26定制_口型对比视频.mp4,.mp4,video/mp4,123211940,8eed9081dc9622ae773d6fcc5880bed0d9549e5634ca60eebdc4e9de69f7de8c,"数字分身,模特,视频,7717,Y26定制,口型对比视频",用于麦兔数字分身相关选择：7717_Y26定制，角色：口型对比视频,,,,,,,False,parsed,
DH-MDL-0001-F004,DH-MDL-0001,VID,video,数字分身,模特,digital_human_video,视频,7717_Y26定制,预览视频,数字分身 - 视频 - 7717_Y26定制 - 预览视频,数字分身/模特/7717_Y26定制/DH-MDL-0001-F004_模特_7717_Y26定制_预览视频.mp4,DH-MDL-0001-F004_模特_7717_Y26定制_预览视频.mp4,.mp4,video/mp4,1349787,59c8fccb08445a1363276f2e4290e3abc8fd63691a421e0c02d012a89f0a60d6,"数字分身,模特,视频,7717,Y26定制,预览视频",用于麦兔数字分身相关选择：7717_Y26定制，角色：预览视频,,,,,,,False,parsed,
DH-MDL-0001-F005,DH-MDL-0001,VID,video,数字分身,模特,digital_human_video,视频,7717_Y26定制,训练合成视频,数字分身 - 视频 - 7717_Y26定制 - 训练合成视频,数字分身/模特/7717_Y26定制/DH-MDL-0001-F005_模特_7717_Y26定制_训练合成视频.mp4,DH-MDL-0001-F005_模特_7717_Y26定制_训练合成视频.mp4,.mp4,video/mp4,911867024,2fcb3d2cd0a6f0b4494a94adf4a65c54c2d092750e55e37df1ab3d8cc3b10e20,"数字分身,模特,视频,7717,Y26定制,训练合成视频",用于麦兔数字分身相关选择：7717_Y26定制，角色：训练合成视频,,,,,,,False,parsed,
DH-MDL-0001-F006,DH-MDL-0001,IMG,image,数字分身,模特,digital_human_video,图片,7717_Y26定制_多名利特选窖藏,分段封面,数字分身 - 图片 - 7717_Y26定制_多名利特选窖藏 - 分段封面,数字分身/模特/7717_Y26定制/分段封面/DH-MDL-0001-F006_模特_7717_Y26定制_多名利特选窖藏_分段封面.png,DH-MDL-0001-F006_模特_7717_Y26定制_多名利特选窖藏_分段封面.png,.png,image/png,1452253,85c3192b32064ee42c9e60ab001c61b3e087a962a6e2989e89d84cc62f1d4eb3,"数字分身,模特,图片,7717,Y26定制,多名利特选窖藏,分段封面,多名利",用于麦兔数字分身相关选择：7717_Y26定制_多名利特选窖藏，角色：分段封面,,DUP-001,4,4,DH-AVT-0001-F002,数字分身/数字分身成品/37200_张裕定制形象260519/DH-AVT-0001-F002_数字分身成品_37200_张裕定制形象260519_成品封面.png,False,parsed,
DH-MDL-0001-F007,DH-MDL-0001,IMG,image,数字分身,模特,digital_human_video,图片,7717_Y26定制_N158_礼盒,分段封面,数字分身 - 图片 - 7717_Y26定制_N158_礼盒 - 分段封面,数字分身/模特/7717_Y26定制/分段封面/DH-MDL-0001-F007_模特_7717_Y26定制_N158_礼盒_分段封面.png,DH-MDL-0001-F007_模特_7717_Y26定制_N158_礼盒_分段封面.png,.png,image/png,1825214,c023350149b62dc2ca239b182b3f2e414c344181e01c2da567357cfc6d480d09,"数字分身,模特,图片,7717,Y26定制,N158,礼盒,分段封面",用于麦兔数字分身相关选择：7717_Y26定制_N158_礼盒，角色：分段封面,,,,,,,False,parsed,
DH-MDL-0001-F008,DH-MDL-0001,IMG,image,数字分身,模特,digital_human_video,图片,7717_Y26定制_解百纳1937,分段封面,数字分身 - 图片 - 7717_Y26定制_解百纳1937 - 分段封面,数字分身/模特/7717_Y26定制/分段封面/DH-MDL-0001-F008_模特_7717_Y26定制_解百纳1937_分段封面.png,DH-MDL-0001-F008_模特_7717_Y26定制_解百纳1937_分段封面.png,.png,image/png,1445619,ecabea5e59038d263efb4b3ba60631bd1b32d43f8555e533f3ed850676660fae,"数字分身,模特,图片,7717,Y26定制,解百纳1937,分段封面,解百纳,1937",用于麦兔数字分身相关选择：7717_Y26定制_解百纳1937，角色：分段封面,,,,,,,False,parsed,
DH-MDL-0001-F009,DH-MDL-0001,IMG,image,数字分身,模特,digital_human_video,图片,7717_Y26定制_品酒大师SUPER,分段封面,数字分身 - 图片 - 7717_Y26定制_品酒大师SUPER - 分段封面,数字分身/模特/7717_Y26定制/分段封面/DH-MDL-0001-F009_模特_7717_Y26定制_品酒大师SUPER_分段封面.png,DH-MDL-0001-F009_模特_7717_Y26定制_品酒大师SUPER_分段封面.png,.png,image/png,1437683,f7f75c2047c3443063936ca67fe288f24832885bd2fd3d48af94e5fbeec94fef,"数字分身,模特,图片,7717,Y26定制,品酒大师SUPER,分段封面,品酒大师,SUPER",用于麦兔数字分身相关选择：7717_Y26定制_品酒大师SUPER，角色：分段封面,,,,,,,False,parsed,
DH-MDL-0001-F010,DH-MDL-0001,IMG,image,数字分身,模特,digital_human_video,图片,7717_Y26定制_品酒大师MASTER,分段封面,数字分身 - 图片 - 7717_Y26定制_品酒大师MASTER - 分段封面,数字分身/模特/7717_Y26定制/分段封面/DH-MDL-0001-F010_模特_7717_Y26定制_品酒大师MASTER_分段封面.png,DH-MDL-0001-F010_模特_7717_Y26定制_品酒大师MASTER_分段封面.png,.png,image/png,1470083,443385ffa13107b67739c96f3022fc6b37fb4ff43420abb22226e14efd55baa6,"数字分身,模特,图片,7717,Y26定制,品酒大师MASTER,分段封面,品酒大师,MASTER",用于麦兔数字分身相关选择：7717_Y26定制_品酒大师MASTER，角色：分段封面,,,,,,,False,parsed,
DH-MDL-0001-F011,DH-MDL-0001,IMG,image,数字分身,模特,digital_human_video,图片,7717_Y26定制_品酒大师PRO,分段封面,数字分身 - 图片 - 7717_Y26定制_品酒大师PRO - 分段封面,数字分身/模特/7717_Y26定制/分段封面/DH-MDL-0001-F011_模特_7717_Y26定制_品酒大师PRO_分段封面.png,DH-MDL-0001-F011_模特_7717_Y26定制_品酒大师PRO_分段封面.png,.png,image/png,1450889,ec28886342ee844548946a07428e7dc32b3c913177f27f996d4cdfb315953221,"数字分身,模特,图片,7717,Y26定制,品酒大师PRO,分段封面,品酒大师,PRO",用于麦兔数字分身相关选择：7717_Y26定制_品酒大师PRO，角色：分段封面,,,,,,,False,parsed,
DH-MDL-0001-F012,DH-MDL-0001,IMG,image,数字分身,模特,digital_human_video,图片,7717_Y26定制_品酒大师PLUS,分段封面,数字分身 - 图片 - 7717_Y26定制_品酒大师PLUS - 分段封面,数字分身/模特/7717_Y26定制/分段封面/DH-MDL-0001-F012_模特_7717_Y26定制_品酒大师PLUS_分段封面.png,DH-MDL-0001-F012_模特_7717_Y26定制_品酒大师PLUS_分段封面.png,.png,image/png,1459555,643c8c126150ff1aaf7d67d8c66e760f6fbd40a6052cbb68fbcbf199c406fea8,"数字分身,模特,图片,7717,Y26定制,品酒大师PLUS,分段封面,品酒大师,PLUS",用于麦兔数字分身相关选择：7717_Y26定制_品酒大师PLUS，角色：分段封面,,,,,,,False,parsed,
DH-MDL-0001-F013,DH-MDL-0001,IMG,image,数字分身,模特,digital_human_video,图片,7717_Y26定制_龙谕单一园_礼盒,分段封面,数字分身 - 图片 - 7717_Y26定制_龙谕单一园_礼盒 - 分段封面,数字分身/模特/7717_Y26定制/分段封面/DH-MDL-0001-F013_模特_7717_Y26定制_龙谕单一园_礼盒_分段封面.png,DH-MDL-0001-F013_模特_7717_Y26定制_龙谕单一园_礼盒_分段封面.png,.png,image/png,1618981,3d755b7fba0abcd9c3748930562dcbe3c5d2d77c8d10558b0edbb6b64a24b777,"数字分身,模特,图片,7717,Y26定制,龙谕单一园,礼盒,分段封面,龙谕,单一园",用于麦兔数字分身相关选择：7717_Y26定制_龙谕单一园_礼盒，角色：分段封面,,,,,,,False,parsed,
DH-MDL-0001-F014,DH-MDL-0001,IMG,image,数字分身,模特,digital_human_video,图片,7717_Y26定制_龙谕龙12,分段封面,数字分身 - 图片 - 7717_Y26定制_龙谕龙12 - 分段封面,数字分身/模特/7717_Y26定制/分段封面/DH-MDL-0001-F014_模特_7717_Y26定制_龙谕龙12_分段封面.png,DH-MDL-0001-F014_模特_7717_Y26定制_龙谕龙12_分段封面.png,.png,image/png,1300063,741731d0e1b36191d6c0619449be0bfd6c5e7423f0423e78d98bce7269723e20,"数字分身,模特,图片,7717,Y26定制,龙谕龙12,分段封面,龙谕,龙12",用于麦兔数字分身相关选择：7717_Y26定制_龙谕龙12，角色：分段封面,,,,,,,False,parsed,
DH-MDL-0001-F015,DH-MDL-0001,IMG,image,数字分身,模特,digital_human_video,图片,7717_Y26定制_张裕通用口播,分段封面,数字分身 - 图片 - 7717_Y26定制_张裕通用口播 - 分段封面,数字分身/模特/7717_Y26定制/分段封面/DH-MDL-0001-F015_模特_7717_Y26定制_张裕通用口播_分段封面.png,DH-MDL-0001-F015_模特_7717_Y26定制_张裕通用口播_分段封面.png,.png,image/png,1292012,13a5e8dd3893f800bc74e5d554055fe35861501d6c0824a12b388f18c58dee82,"数字分身,模特,图片,7717,Y26定制,张裕通用口播,分段封面,张裕",用于麦兔数字分身相关选择：7717_Y26定制_张裕通用口播，角色：分段封面,,,,,,,False,parsed,
DH-MDL-0001-F016,DH-MDL-0001,IMG,image,数字分身,模特,digital_human_video,图片,7717_Y26定制_龙谕龙8,分段封面,数字分身 - 图片 - 7717_Y26定制_龙谕龙8 - 分段封面,数字分身/模特/7717_Y26定制/分段封面/DH-MDL-0001-F016_模特_7717_Y26定制_龙谕龙8_分段封面.png,DH-MDL-0001-F016_模特_7717_Y26定制_龙谕龙8_分段封面.png,.png,image/png,1302961,c4796af7f48b10e17bb5e606ca805a23e8e635034cee5d19b5a1684a28332fed,"数字分身,模特,图片,7717,Y26定制,龙谕龙8,分段封面,龙谕,龙8",用于麦兔数字分身相关选择：7717_Y26定制_龙谕龙8，角色：分段封面,,,,,,,False,parsed,
DH-MDL-0001-F017,DH-MDL-0001,VID,video,数字分身,模特,digital_human_video,视频,7717_Y26定制_多名利特选窖藏,训练素材,数字分身 - 视频 - 7717_Y26定制_多名利特选窖藏 - 训练素材,数字分身/模特/7717_Y26定制/训练素材/DH-MDL-0001-F017_模特_7717_Y26定制_多名利特选窖藏_训练素材.mov,DH-MDL-0001-F017_模特_7717_Y26定制_多名利特选窖藏_训练素材.mov,.mov,video/quicktime,997181449,0d6b330b9945269dba5ca6146193bae2cbcbc3fe4ccafb566b3f37ef823e717b,"数字分身,模特,视频,7717,Y26定制,多名利特选窖藏,训练素材,多名利",用于麦兔数字分身相关选择：7717_Y26定制_多名利特选窖藏，角色：训练素材,,,,,,,False,parsed,
DH-MDL-0001-F018,DH-MDL-0001,VID,video,数字分身,模特,digital_human_video,视频,7717_Y26定制_N158_礼盒,训练素材,数字分身 - 视频 - 7717_Y26定制_N158_礼盒 - 训练素材,数字分身/模特/7717_Y26定制/训练素材/DH-MDL-0001-F018_模特_7717_Y26定制_N158_礼盒_训练素材.mov,DH-MDL-0001-F018_模特_7717_Y26定制_N158_礼盒_训练素材.mov,.mov,video/quicktime,1126716087,c0a2b51882053c65688d6d214dea6f9d59d1c19c92e3749b8cc1e80b29c08c50,"数字分身,模特,视频,7717,Y26定制,N158,礼盒,训练素材",用于麦兔数字分身相关选择：7717_Y26定制_N158_礼盒，角色：训练素材,,,,,,,False,parsed,
DH-MDL-0001-F019,DH-MDL-0001,VID,video,数字分身,模特,digital_human_video,视频,7717_Y26定制_解百纳1937,训练素材,数字分身 - 视频 - 7717_Y26定制_解百纳1937 - 训练素材,数字分身/模特/7717_Y26定制/训练素材/DH-MDL-0001-F019_模特_7717_Y26定制_解百纳1937_训练素材.mov,DH-MDL-0001-F019_模特_7717_Y26定制_解百纳1937_训练素材.mov,.mov,video/quicktime,1103402932,9346db42ffdb3d361032b8ae6f23bfc97d1ba7bdb0afad1d7faca7c92d644fde,"数字分身,模特,视频,7717,Y26定制,解百纳1937,训练素材,解百纳,1937",用于麦兔数字分身相关选择：7717_Y26定制_解百纳1937，角色：训练素材,,,,,,,False,parsed,
DH-MDL-0001-F020,DH-MDL-0001,VID,video,数字分身,模特,digital_human_video,视频,7717_Y26定制_品酒大师SUPER,训练素材,数字分身 - 视频 - 7717_Y26定制_品酒大师SUPER - 训练素材,数字分身/模特/7717_Y26定制/训练素材/DH-MDL-0001-F020_模特_7717_Y26定制_品酒大师SUPER_训练素材.mov,DH-MDL-0001-F020_模特_7717_Y26定制_品酒大师SUPER_训练素材.mov,.mov,video/quicktime,1128009864,a913af567ba5744183e62920ec518551331cc6303043ea14c48ea19fd04fe39b,"数字分身,模特,视频,7717,Y26定制,品酒大师SUPER,训练素材,品酒大师,SUPER",用于麦兔数字分身相关选择：7717_Y26定制_品酒大师SUPER，角色：训练素材,,,,,,,False,parsed,
DH-MDL-0001-F021,DH-MDL-0001,VID,video,数字分身,模特,digital_human_video,视频,7717_Y26定制_品酒大师MASTER,训练素材,数字分身 - 视频 - 7717_Y26定制_品酒大师MASTER - 训练素材,数字分身/模特/7717_Y26定制/训练素材/DH-MDL-0001-F021_模特_7717_Y26定制_品酒大师MASTER_训练素材.mov,DH-MDL-0001-F021_模特_7717_Y26定制_品酒大师MASTER_训练素材.mov,.mov,video/quicktime,1100980882,da06b2af00e47871c4667b6151bae57dcc76b75af75321211417abf50d4cf5e8,"数字分身,模特,视频,7717,Y26定制,品酒大师MASTER,训练素材,品酒大师,MASTER",用于麦兔数字分身相关选择：7717_Y26定制_品酒大师MASTER，角色：训练素材,,,,,,,False,parsed,
DH-MDL-0001-F022,DH-MDL-0001,VID,video,数字分身,模特,digital_human_video,视频,7717_Y26定制_品酒大师PRO,训练素材,数字分身 - 视频 - 7717_Y26定制_品酒大师PRO - 训练素材,数字分身/模特/7717_Y26定制/训练素材/DH-MDL-0001-F022_模特_7717_Y26定制_品酒大师PRO_训练素材.mov,DH-MDL-0001-F022_模特_7717_Y26定制_品酒大师PRO_训练素材.mov,.mov,video/quicktime,1123430302,d4ddc7aba90eaea565bed570d14da3ca8db3e1c03281bdce3f586fcb2fb7b212,"数字分身,模特,视频,7717,Y26定制,品酒大师PRO,训练素材,品酒大师,PRO",用于麦兔数字分身相关选择：7717_Y26定制_品酒大师PRO，角色：训练素材,,,,,,,False,parsed,
DH-MDL-0001-F023,DH-MDL-0001,VID,video,数字分身,模特,digital_human_video,视频,7717_Y26定制_品酒大师PLUS,训练素材,数字分身 - 视频 - 7717_Y26定制_品酒大师PLUS - 训练素材,数字分身/模特/7717_Y26定制/训练素材/DH-MDL-0001-F023_模特_7717_Y26定制_品酒大师PLUS_训练素材.mov,DH-MDL-0001-F023_模特_7717_Y26定制_品酒大师PLUS_训练素材.mov,.mov,video/quicktime,1088811449,1ca711dd2fb4fa210c5feb8337b7c3b38de6bfe29085ce85a263533b743d1d49,"数字分身,模特,视频,7717,Y26定制,品酒大师PLUS,训练素材,品酒大师,PLUS",用于麦兔数字分身相关选择：7717_Y26定制_品酒大师PLUS，角色：训练素材,,,,,,,False,parsed,
DH-MDL-0001-F024,DH-MDL-0001,VID,video,数字分身,模特,digital_human_video,视频,7717_Y26定制_龙谕单一园_礼盒,训练素材,数字分身 - 视频 - 7717_Y26定制_龙谕单一园_礼盒 - 训练素材,数字分身/模特/7717_Y26定制/训练素材/DH-MDL-0001-F024_模特_7717_Y26定制_龙谕单一园_礼盒_训练素材.mov,DH-MDL-0001-F024_模特_7717_Y26定制_龙谕单一园_礼盒_训练素材.mov,.mov,video/quicktime,1142965153,aeed1347dca8f68ca6e8e25407a22d9a1d2c0aa062e5afa2cf3b17784e87564f,"数字分身,模特,视频,7717,Y26定制,龙谕单一园,礼盒,训练素材,龙谕,单一园",用于麦兔数字分身相关选择：7717_Y26定制_龙谕单一园_礼盒，角色：训练素材,,,,,,,False,parsed,
DH-MDL-0001-F025,DH-MDL-0001,VID,video,数字分身,模特,digital_human_video,视频,7717_Y26定制_龙谕龙12,训练素材,数字分身 - 视频 - 7717_Y26定制_龙谕龙12 - 训练素材,数字分身/模特/7717_Y26定制/训练素材/DH-MDL-0001-F025_模特_7717_Y26定制_龙谕龙12_训练素材.mov,DH-MDL-0001-F025_模特_7717_Y26定制_龙谕龙12_训练素材.mov,.mov,video/quicktime,948379356,53fb86fd8a5a9b48d6a7efc8873c1decd43ef27a50f94e7f26d361d91059cc92,"数字分身,模特,视频,7717,Y26定制,龙谕龙12,训练素材,龙谕,龙12",用于麦兔数字分身相关选择：7717_Y26定制_龙谕龙12，角色：训练素材,,,,,,,False,parsed,
DH-MDL-0001-F026,DH-MDL-0001,VID,video,数字分身,模特,digital_human_video,视频,7717_Y26定制_张裕通用口播,训练素材,数字分身 - 视频 - 7717_Y26定制_张裕通用口播 - 训练素材,数字分身/模特/7717_Y26定制/训练素材/DH-MDL-0001-F026_模特_7717_Y26定制_张裕通用口播_训练素材.mov,DH-MDL-0001-F026_模特_7717_Y26定制_张裕通用口播_训练素材.mov,.mov,video/quicktime,2677321593,1727bb4fb87847c2c90eebfc938f998c20b83e5f8f0bafe634e1beb2fced27d1,"数字分身,模特,视频,7717,Y26定制,张裕通用口播,训练素材,张裕",用于麦兔数字分身相关选择：7717_Y26定制_张裕通用口播，角色：训练素材,,,,,,,False,parsed,
DH-MDL-0001-F027,DH-MDL-0001,VID,video,数字分身,模特,digital_human_video,视频,7717_Y26定制_龙谕龙8,训练素材,数字分身 - 视频 - 7717_Y26定制_龙谕龙8 - 训练素材,数字分身/模特/7717_Y26定制/训练素材/DH-MDL-0001-F027_模特_7717_Y26定制_龙谕龙8_训练素材.mov,DH-MDL-0001-F027_模特_7717_Y26定制_龙谕龙8_训练素材.mov,.mov,video/quicktime,1162678870,fcdcee8745f1d5f06e98509e8d524ef542808b6c7bc2ed6796e5c52db876bbd1,"数字分身,模特,视频,7717,Y26定制,龙谕龙8,训练素材,龙谕,龙8",用于麦兔数字分身相关选择：7717_Y26定制_龙谕龙8，角色：训练素材,,,,,,,False,parsed,
DH-MDL-0001-F028,DH-MDL-0001,IMG,image,数字分身,模特,digital_human_video,图片,7717_Y26定制_多名利特选窖藏,训练素材封面,数字分身 - 图片 - 7717_Y26定制_多名利特选窖藏 - 训练素材封面,数字分身/模特/7717_Y26定制/训练素材封面/DH-MDL-0001-F028_模特_7717_Y26定制_多名利特选窖藏_训练素材封面.png,DH-MDL-0001-F028_模特_7717_Y26定制_多名利特选窖藏_训练素材封面.png,.png,image/png,186727,fc708b00fe3900a86bfbf6b208408205358ca17c3c27fdf00dbbc7668e72e8d3,"数字分身,模特,图片,7717,Y26定制,多名利特选窖藏,训练素材封面,多名利",用于麦兔数字分身相关选择：7717_Y26定制_多名利特选窖藏，角色：训练素材封面,,,,,,,False,parsed,
DH-MDL-0001-F029,DH-MDL-0001,IMG,image,数字分身,模特,digital_human_video,图片,7717_Y26定制_N158_礼盒,训练素材封面,数字分身 - 图片 - 7717_Y26定制_N158_礼盒 - 训练素材封面,数字分身/模特/7717_Y26定制/训练素材封面/DH-MDL-0001-F029_模特_7717_Y26定制_N158_礼盒_训练素材封面.png,DH-MDL-0001-F029_模特_7717_Y26定制_N158_礼盒_训练素材封面.png,.png,image/png,214096,915c4dfb9edc426a5b6646078e914f9c81bc62c96b1c9bed605394ca2ef85351,"数字分身,模特,图片,7717,Y26定制,N158,礼盒,训练素材封面",用于麦兔数字分身相关选择：7717_Y26定制_N158_礼盒，角色：训练素材封面,,,,,,,False,parsed,
DH-MDL-0001-F030,DH-MDL-0001,IMG,image,数字分身,模特,digital_human_video,图片,7717_Y26定制_解百纳1937,训练素材封面,数字分身 - 图片 - 7717_Y26定制_解百纳1937 - 训练素材封面,数字分身/模特/7717_Y26定制/训练素材封面/DH-MDL-0001-F030_模特_7717_Y26定制_解百纳1937_训练素材封面.png,DH-MDL-0001-F030_模特_7717_Y26定制_解百纳1937_训练素材封面.png,.png,image/png,186165,8b7c45718cfc95485e32fccb6d0fd645f1ca336cb3653f457c77b6ef479bac5f,"数字分身,模特,图片,7717,Y26定制,解百纳1937,训练素材封面,解百纳,1937",用于麦兔数字分身相关选择：7717_Y26定制_解百纳1937，角色：训练素材封面,,,,,,,False,parsed,
DH-MDL-0001-F031,DH-MDL-0001,IMG,image,数字分身,模特,digital_human_video,图片,7717_Y26定制_品酒大师SUPER,训练素材封面,数字分身 - 图片 - 7717_Y26定制_品酒大师SUPER - 训练素材封面,数字分身/模特/7717_Y26定制/训练素材封面/DH-MDL-0001-F031_模特_7717_Y26定制_品酒大师SUPER_训练素材封面.png,DH-MDL-0001-F031_模特_7717_Y26定制_品酒大师SUPER_训练素材封面.png,.png,image/png,182104,2fedf6a90d30f11fc92964dff9370a83dc48439be251b9a2bd35f5c9e520351a,"数字分身,模特,图片,7717,Y26定制,品酒大师SUPER,训练素材封面,品酒大师,SUPER",用于麦兔数字分身相关选择：7717_Y26定制_品酒大师SUPER，角色：训练素材封面,,,,,,,False,parsed,
DH-MDL-0001-F032,DH-MDL-0001,IMG,image,数字分身,模特,digital_human_video,图片,7717_Y26定制_品酒大师MASTER,训练素材封面,数字分身 - 图片 - 7717_Y26定制_品酒大师MASTER - 训练素材封面,数字分身/模特/7717_Y26定制/训练素材封面/DH-MDL-0001-F032_模特_7717_Y26定制_品酒大师MASTER_训练素材封面.png,DH-MDL-0001-F032_模特_7717_Y26定制_品酒大师MASTER_训练素材封面.png,.png,image/png,185858,a7e51bb2ef12cb32f0a60ab29d9e7c831be8e21e03fcbbb1e945909e16d40e8e,"数字分身,模特,图片,7717,Y26定制,品酒大师MASTER,训练素材封面,品酒大师,MASTER",用于麦兔数字分身相关选择：7717_Y26定制_品酒大师MASTER，角色：训练素材封面,,,,,,,False,parsed,
DH-MDL-0001-F033,DH-MDL-0001,IMG,image,数字分身,模特,digital_human_video,图片,7717_Y26定制_品酒大师PRO,训练素材封面,数字分身 - 图片 - 7717_Y26定制_品酒大师PRO - 训练素材封面,数字分身/模特/7717_Y26定制/训练素材封面/DH-MDL-0001-F033_模特_7717_Y26定制_品酒大师PRO_训练素材封面.png,DH-MDL-0001-F033_模特_7717_Y26定制_品酒大师PRO_训练素材封面.png,.png,image/png,183757,f175d04b993c9a9633e5a33657452d193743da1de0410e4422c80ac52b208768,"数字分身,模特,图片,7717,Y26定制,品酒大师PRO,训练素材封面,品酒大师,PRO",用于麦兔数字分身相关选择：7717_Y26定制_品酒大师PRO，角色：训练素材封面,,,,,,,False,parsed,
DH-MDL-0001-F034,DH-MDL-0001,IMG,image,数字分身,模特,digital_human_video,图片,7717_Y26定制_品酒大师PLUS,训练素材封面,数字分身 - 图片 - 7717_Y26定制_品酒大师PLUS - 训练素材封面,数字分身/模特/7717_Y26定制/训练素材封面/DH-MDL-0001-F034_模特_7717_Y26定制_品酒大师PLUS_训练素材封面.png,DH-MDL-0001-F034_模特_7717_Y26定制_品酒大师PLUS_训练素材封面.png,.png,image/png,182385,5c43880a7d19b29576251b1df493867f3af3b4d3881b868ac70e2628deae3c60,"数字分身,模特,图片,7717,Y26定制,品酒大师PLUS,训练素材封面,品酒大师,PLUS",用于麦兔数字分身相关选择：7717_Y26定制_品酒大师PLUS，角色：训练素材封面,,,,,,,False,parsed,
DH-MDL-0001-F035,DH-MDL-0001,IMG,image,数字分身,模特,digital_human_video,图片,7717_Y26定制_龙谕单一园_礼盒,训练素材封面,数字分身 - 图片 - 7717_Y26定制_龙谕单一园_礼盒 - 训练素材封面,数字分身/模特/7717_Y26定制/训练素材封面/DH-MDL-0001-F035_模特_7717_Y26定制_龙谕单一园_礼盒_训练素材封面.png,DH-MDL-0001-F035_模特_7717_Y26定制_龙谕单一园_礼盒_训练素材封面.png,.png,image/png,196049,9d9d333abcccbe13729bfd2202e45a80b64305c3bf4dfafce85d846aab866569,"数字分身,模特,图片,7717,Y26定制,龙谕单一园,礼盒,训练素材封面,龙谕,单一园",用于麦兔数字分身相关选择：7717_Y26定制_龙谕单一园_礼盒，角色：训练素材封面,,,,,,,False,parsed,
DH-MDL-0001-F036,DH-MDL-0001,IMG,image,数字分身,模特,digital_human_video,图片,7717_Y26定制_龙谕龙12,训练素材封面,数字分身 - 图片 - 7717_Y26定制_龙谕龙12 - 训练素材封面,数字分身/模特/7717_Y26定制/训练素材封面/DH-MDL-0001-F036_模特_7717_Y26定制_龙谕龙12_训练素材封面.png,DH-MDL-0001-F036_模特_7717_Y26定制_龙谕龙12_训练素材封面.png,.png,image/png,190877,cb619177188650d95d85fa55a3c5d68ebc2b8561bd9061ea5f408547ef3ce106,"数字分身,模特,图片,7717,Y26定制,龙谕龙12,训练素材封面,龙谕,龙12",用于麦兔数字分身相关选择：7717_Y26定制_龙谕龙12，角色：训练素材封面,,,,,,,False,parsed,
DH-MDL-0001-F037,DH-MDL-0001,IMG,image,数字分身,模特,digital_human_video,图片,7717_Y26定制_张裕通用口播,训练素材封面,数字分身 - 图片 - 7717_Y26定制_张裕通用口播 - 训练素材封面,数字分身/模特/7717_Y26定制/训练素材封面/DH-MDL-0001-F037_模特_7717_Y26定制_张裕通用口播_训练素材封面.png,DH-MDL-0001-F037_模特_7717_Y26定制_张裕通用口播_训练素材封面.png,.png,image/png,172389,3f8c2d150ba8be20dace5a5c88e8de7b3db4efd7676603b968835b3d304303d8,"数字分身,模特,图片,7717,Y26定制,张裕通用口播,训练素材封面,张裕",用于麦兔数字分身相关选择：7717_Y26定制_张裕通用口播，角色：训练素材封面,,,,,,,False,parsed,
DH-MDL-0001-F038,DH-MDL-0001,IMG,image,数字分身,模特,digital_human_video,图片,7717_Y26定制_龙谕龙8,训练素材封面,数字分身 - 图片 - 7717_Y26定制_龙谕龙8 - 训练素材封面,数字分身/模特/7717_Y26定制/训练素材封面/DH-MDL-0001-F038_模特_7717_Y26定制_龙谕龙8_训练素材封面.png,DH-MDL-0001-F038_模特_7717_Y26定制_龙谕龙8_训练素材封面.png,.png,image/png,181607,45a0b07ff3ea7b8b951a9da3cfc3295a5d6a939772e408cee83cedd67e60f91c,"数字分身,模特,图片,7717,Y26定制,龙谕龙8,训练素材封面,龙谕,龙8",用于麦兔数字分身相关选择：7717_Y26定制_龙谕龙8，角色：训练素材封面,,,,,,,False,parsed,
DH-MDL-0002-F001,DH-MDL-0002,IMG,image,数字分身,模特,digital_human_video,图片,8856_明月,模特封面,数字分身 - 图片 - 8856_明月 - 模特封面,数字分身/模特/8856_明月/DH-MDL-0002-F001_模特_8856_明月_模特封面.png,DH-MDL-0002-F001_模特_8856_明月_模特封面.png,.png,image/png,1834311,274d54c4a4088a44d20df9d525a21adfeff87aca3a6e292a59ad62ca8ee5793a,"数字分身,模特,图片,8856,明月,模特封面",用于麦兔数字分身相关选择：8856_明月，角色：模特封面,,DUP-003,3,4,DH-AVT-0002-F002,数字分身/数字分身成品/40222_明月/DH-AVT-0002-F002_数字分身成品_40222_明月_成品封面.png,False,parsed,
DH-MDL-0002-F002,DH-MDL-0002,VID,video,数字分身,模特,digital_human_video,视频,8856_明月,完整预览视频,数字分身 - 视频 - 8856_明月 - 完整预览视频,数字分身/模特/8856_明月/DH-MDL-0002-F002_模特_8856_明月_完整预览视频.mp4,DH-MDL-0002-F002_模特_8856_明月_完整预览视频.mp4,.mp4,video/mp4,378743798,5687551e4574c1659c5aaaf48bb58d915ee0ef976f15c97b250e34996057a3ff,"数字分身,模特,视频,8856,明月,完整预览视频",用于麦兔数字分身相关选择：8856_明月，角色：完整预览视频,,,,,,,False,parsed,
DH-MDL-0002-F003,DH-MDL-0002,VID,video,数字分身,模特,digital_human_video,视频,8856_明月,口型对比视频,数字分身 - 视频 - 8856_明月 - 口型对比视频,数字分身/模特/8856_明月/DH-MDL-0002-F003_模特_8856_明月_口型对比视频.mp4,DH-MDL-0002-F003_模特_8856_明月_口型对比视频.mp4,.mp4,video/mp4,120022236,2877903bcc728649618befd9f1c6cf189cae2fe3dfb88be4e0c14b072bdd0b99,"数字分身,模特,视频,8856,明月,口型对比视频",用于麦兔数字分身相关选择：8856_明月，角色：口型对比视频,,,,,,,False,parsed,
DH-MDL-0002-F004,DH-MDL-0002,VID,video,数字分身,模特,digital_human_video,视频,8856_明月,预览视频,数字分身 - 视频 - 8856_明月 - 预览视频,数字分身/模特/8856_明月/DH-MDL-0002-F004_模特_8856_明月_预览视频.mp4,DH-MDL-0002-F004_模特_8856_明月_预览视频.mp4,.mp4,video/mp4,1735147,04d95e2f4bce70e6ff1dba45a3d4d88c5caf012eca25692b570c34d248e7d891,"数字分身,模特,视频,8856,明月,预览视频",用于麦兔数字分身相关选择：8856_明月，角色：预览视频,,,,,,,False,parsed,
DH-MDL-0002-F005,DH-MDL-0002,VID,video,数字分身,模特,digital_human_video,视频,8856_明月,训练合成视频,数字分身 - 视频 - 8856_明月 - 训练合成视频,数字分身/模特/8856_明月/DH-MDL-0002-F005_模特_8856_明月_训练合成视频.mp4,DH-MDL-0002-F005_模特_8856_明月_训练合成视频.mp4,.mp4,video/mp4,731976155,61d5552a65d90412a919cd10bab514a1f6f040a395108a2666a29a542e578312,"数字分身,模特,视频,8856,明月,训练合成视频",用于麦兔数字分身相关选择：8856_明月，角色：训练合成视频,,,,,,,False,parsed,
DH-MDL-0002-F006,DH-MDL-0002,IMG,image,数字分身,模特,digital_human_video,图片,8856_明月_侧坐A,分段封面,数字分身 - 图片 - 8856_明月_侧坐A - 分段封面,数字分身/模特/8856_明月/分段封面/DH-MDL-0002-F006_模特_8856_明月_侧坐A_分段封面.png,DH-MDL-0002-F006_模特_8856_明月_侧坐A_分段封面.png,.png,image/png,1834311,274d54c4a4088a44d20df9d525a21adfeff87aca3a6e292a59ad62ca8ee5793a,"数字分身,模特,图片,8856,明月,侧坐A,分段封面",用于麦兔数字分身相关选择：8856_明月_侧坐A，角色：分段封面,,DUP-003,4,4,DH-AVT-0002-F002,数字分身/数字分身成品/40222_明月/DH-AVT-0002-F002_数字分身成品_40222_明月_成品封面.png,False,parsed,
DH-MDL-0002-F007,DH-MDL-0002,IMG,image,数字分身,模特,digital_human_video,图片,8856_明月_站右A,分段封面,数字分身 - 图片 - 8856_明月_站右A - 分段封面,数字分身/模特/8856_明月/分段封面/DH-MDL-0002-F007_模特_8856_明月_站右A_分段封面.png,DH-MDL-0002-F007_模特_8856_明月_站右A_分段封面.png,.png,image/png,1492674,a83282e5b6636d94767619d6610c819ff9e19472ead4926df74d82cee05aff8e,"数字分身,模特,图片,8856,明月,站右A,分段封面",用于麦兔数字分身相关选择：8856_明月_站右A，角色：分段封面,,,,,,,False,parsed,
DH-MDL-0002-F008,DH-MDL-0002,IMG,image,数字分身,模特,digital_human_video,图片,8856_明月_站正面A,分段封面,数字分身 - 图片 - 8856_明月_站正面A - 分段封面,数字分身/模特/8856_明月/分段封面/DH-MDL-0002-F008_模特_8856_明月_站正面A_分段封面.png,DH-MDL-0002-F008_模特_8856_明月_站正面A_分段封面.png,.png,image/png,1489211,922dfabdbe9cd39229e117d98746ce236fa650bb6ae9757a9fa94c57f3a0139d,"数字分身,模特,图片,8856,明月,站正面A,分段封面",用于麦兔数字分身相关选择：8856_明月_站正面A，角色：分段封面,,,,,,,False,parsed,
DH-MDL-0002-F009,DH-MDL-0002,IMG,image,数字分身,模特,digital_human_video,图片,8856_明月_站左A,分段封面,数字分身 - 图片 - 8856_明月_站左A - 分段封面,数字分身/模特/8856_明月/分段封面/DH-MDL-0002-F009_模特_8856_明月_站左A_分段封面.png,DH-MDL-0002-F009_模特_8856_明月_站左A_分段封面.png,.png,image/png,1470123,6b459d15f248f6dad606125be313db13e076aa4019b6f3eceb8ddd2cac8450e8,"数字分身,模特,图片,8856,明月,站左A,分段封面",用于麦兔数字分身相关选择：8856_明月_站左A，角色：分段封面,,,,,,,False,parsed,
DH-MDL-0002-F010,DH-MDL-0002,IMG,image,数字分身,模特,digital_human_video,图片,8856_明月_正坐A,分段封面,数字分身 - 图片 - 8856_明月_正坐A - 分段封面,数字分身/模特/8856_明月/分段封面/DH-MDL-0002-F010_模特_8856_明月_正坐A_分段封面.png,DH-MDL-0002-F010_模特_8856_明月_正坐A_分段封面.png,.png,image/png,1872709,3da8b0aaa3aed7258635daf18ed3dfc4bc98f974847f18059604cf228fea9ac8,"数字分身,模特,图片,8856,明月,正坐A,分段封面",用于麦兔数字分身相关选择：8856_明月_正坐A，角色：分段封面,,,,,,,False,parsed,
DH-MDL-0002-F011,DH-MDL-0002,VID,video,数字分身,模特,digital_human_video,视频,8856_明月_侧坐A,训练素材,数字分身 - 视频 - 8856_明月_侧坐A - 训练素材,数字分身/模特/8856_明月/训练素材/DH-MDL-0002-F011_模特_8856_明月_侧坐A_训练素材.mp4,DH-MDL-0002-F011_模特_8856_明月_侧坐A_训练素材.mp4,.mp4,video/mp4,895726331,202385356937c413876c3543f9620f157672a0b03417528a26ca2a2c29e71569,"数字分身,模特,视频,8856,明月,侧坐A,训练素材",用于麦兔数字分身相关选择：8856_明月_侧坐A，角色：训练素材,,,,,,,False,parsed,
DH-MDL-0002-F012,DH-MDL-0002,VID,video,数字分身,模特,digital_human_video,视频,8856_明月_站右A,训练素材,数字分身 - 视频 - 8856_明月_站右A - 训练素材,数字分身/模特/8856_明月/训练素材/DH-MDL-0002-F012_模特_8856_明月_站右A_训练素材.mp4,DH-MDL-0002-F012_模特_8856_明月_站右A_训练素材.mp4,.mp4,video/mp4,924835039,a367415d4bce3aecc508e7ffeac073588307c9f1da2f6d8c1c203b5acccb71f5,"数字分身,模特,视频,8856,明月,站右A,训练素材",用于麦兔数字分身相关选择：8856_明月_站右A，角色：训练素材,,,,,,,False,parsed,
DH-MDL-0002-F013,DH-MDL-0002,VID,video,数字分身,模特,digital_human_video,视频,8856_明月_站正面A,训练素材,数字分身 - 视频 - 8856_明月_站正面A - 训练素材,数字分身/模特/8856_明月/训练素材/DH-MDL-0002-F013_模特_8856_明月_站正面A_训练素材.mp4,DH-MDL-0002-F013_模特_8856_明月_站正面A_训练素材.mp4,.mp4,video/mp4,910478981,be8f5cc3acf2bbc2979cadae4db3bc7f230d8e03fbd492c0442b35e43e7b7d44,"数字分身,模特,视频,8856,明月,站正面A,训练素材",用于麦兔数字分身相关选择：8856_明月_站正面A，角色：训练素材,,,,,,,False,parsed,
DH-MDL-0002-F014,DH-MDL-0002,VID,video,数字分身,模特,digital_human_video,视频,8856_明月_站左A,训练素材,数字分身 - 视频 - 8856_明月_站左A - 训练素材,数字分身/模特/8856_明月/训练素材/DH-MDL-0002-F014_模特_8856_明月_站左A_训练素材.mp4,DH-MDL-0002-F014_模特_8856_明月_站左A_训练素材.mp4,.mp4,video/mp4,911397454,c6306d6275deab35e9f37642a0cbd85d7fc7062cf1e29ee04a32cfc861746637,"数字分身,模特,视频,8856,明月,站左A,训练素材",用于麦兔数字分身相关选择：8856_明月_站左A，角色：训练素材,,,,,,,False,parsed,
DH-MDL-0002-F015,DH-MDL-0002,VID,video,数字分身,模特,digital_human_video,视频,8856_明月_正坐A,训练素材,数字分身 - 视频 - 8856_明月_正坐A - 训练素材,数字分身/模特/8856_明月/训练素材/DH-MDL-0002-F015_模特_8856_明月_正坐A_训练素材.mp4,DH-MDL-0002-F015_模特_8856_明月_正坐A_训练素材.mp4,.mp4,video/mp4,720087932,344c1ae2246a45b68ffc01e0aa195f0852b4c46715a6efd441917261a31ef587,"数字分身,模特,视频,8856,明月,正坐A,训练素材",用于麦兔数字分身相关选择：8856_明月_正坐A，角色：训练素材,,,,,,,False,parsed,
DH-MDL-0002-F016,DH-MDL-0002,IMG,image,数字分身,模特,digital_human_video,图片,8856_明月_侧坐A,训练素材封面,数字分身 - 图片 - 8856_明月_侧坐A - 训练素材封面,数字分身/模特/8856_明月/训练素材封面/DH-MDL-0002-F016_模特_8856_明月_侧坐A_训练素材封面.png,DH-MDL-0002-F016_模特_8856_明月_侧坐A_训练素材封面.png,.png,image/png,134577,12121b55e16d837b76b1a6451c0f80b89a6afa439425b7a18ad1283a76442140,"数字分身,模特,图片,8856,明月,侧坐A,训练素材封面",用于麦兔数字分身相关选择：8856_明月_侧坐A，角色：训练素材封面,,,,,,,False,parsed,
DH-MDL-0002-F017,DH-MDL-0002,IMG,image,数字分身,模特,digital_human_video,图片,8856_明月_站右A,训练素材封面,数字分身 - 图片 - 8856_明月_站右A - 训练素材封面,数字分身/模特/8856_明月/训练素材封面/DH-MDL-0002-F017_模特_8856_明月_站右A_训练素材封面.png,DH-MDL-0002-F017_模特_8856_明月_站右A_训练素材封面.png,.png,image/png,188755,e1ed880336a4b0e5a73b63a0c64d2cf0d36110db03b86528916e3213395e7631,"数字分身,模特,图片,8856,明月,站右A,训练素材封面",用于麦兔数字分身相关选择：8856_明月_站右A，角色：训练素材封面,,,,,,,False,parsed,
DH-MDL-0002-F018,DH-MDL-0002,IMG,image,数字分身,模特,digital_human_video,图片,8856_明月_站正面A,训练素材封面,数字分身 - 图片 - 8856_明月_站正面A - 训练素材封面,数字分身/模特/8856_明月/训练素材封面/DH-MDL-0002-F018_模特_8856_明月_站正面A_训练素材封面.png,DH-MDL-0002-F018_模特_8856_明月_站正面A_训练素材封面.png,.png,image/png,190271,3ea63d09a8505487172b25d04f97959cb73a9a3de615ad421092c60c91476e1f,"数字分身,模特,图片,8856,明月,站正面A,训练素材封面",用于麦兔数字分身相关选择：8856_明月_站正面A，角色：训练素材封面,,,,,,,False,parsed,
DH-MDL-0002-F019,DH-MDL-0002,IMG,image,数字分身,模特,digital_human_video,图片,8856_明月_站左A,训练素材封面,数字分身 - 图片 - 8856_明月_站左A - 训练素材封面,数字分身/模特/8856_明月/训练素材封面/DH-MDL-0002-F019_模特_8856_明月_站左A_训练素材封面.png,DH-MDL-0002-F019_模特_8856_明月_站左A_训练素材封面.png,.png,image/png,187863,1416c0fcab7a2e403ab7cb69347362e24e9cb778bb1da3c169d29ff8e691b633,"数字分身,模特,图片,8856,明月,站左A,训练素材封面",用于麦兔数字分身相关选择：8856_明月_站左A，角色：训练素材封面,,,,,,,False,parsed,
DH-MDL-0002-F020,DH-MDL-0002,IMG,image,数字分身,模特,digital_human_video,图片,8856_明月_正坐A,训练素材封面,数字分身 - 图片 - 8856_明月_正坐A - 训练素材封面,数字分身/模特/8856_明月/训练素材封面/DH-MDL-0002-F020_模特_8856_明月_正坐A_训练素材封面.png,DH-MDL-0002-F020_模特_8856_明月_正坐A_训练素材封面.png,.png,image/png,132656,e1186b008b4ae9e5ca58e936f497d06510133b459c93ce8d7ab3e10701d5ae48,"数字分身,模特,图片,8856,明月,正坐A,训练素材封面",用于麦兔数字分身相关选择：8856_明月_正坐A，角色：训练素材封面,,,,,,,False,parsed,
DH-VOI-0001-F001,DH-VOI-0001,IMG,image,数字分身,音色,digital_human_video,图片,3760_Y26音色,音色封面,数字分身 - 图片 - 3760_Y26音色 - 音色封面,数字分身/音色/3760_Y26音色/DH-VOI-0001-F001_音色_3760_Y26音色_音色封面.png,DH-VOI-0001-F001_音色_3760_Y26音色_音色封面.png,.png,image/png,74374,fe96622e959203937749b18e595b15678ae0c02dc4c62be8cdc80a2a3e1adc3b,"数字分身,音色,图片,3760,Y26音色,音色封面",用于麦兔数字分身相关选择：3760_Y26音色，角色：音色封面,,DUP-005,1,2,DH-VOI-0001-F001,数字分身/音色/3760_Y26音色/DH-VOI-0001-F001_音色_3760_Y26音色_音色封面.png,True,parsed,
DH-VOI-0001-F002,DH-VOI-0001,AUD,audio,数字分身,音色,voice_audio,音频,3760_Y26音色,试听音频,数字分身 - 音频 - 3760_Y26音色 - 试听音频,数字分身/音色/3760_Y26音色/DH-VOI-0001-F002_音色_3760_Y26音色_试听音频.mp3,DH-VOI-0001-F002_音色_3760_Y26音色_试听音频.mp3,.mp3,audio/mpeg,28356,00e30c8dbc482270cb730a4447da04d2855586c905c561fb659f498702e9220e,"数字分身,音色,音频,3760,Y26音色,试听音频",用于麦兔数字分身相关选择：3760_Y26音色，角色：试听音频,,,,,,,False,parsed,
DH-VOI-0001-F003,DH-VOI-0001,AUD,audio,数字分身,音色,voice_audio,音频,3760_Y26音色,训练音频,数字分身 - 音频 - 3760_Y26音色 - 训练音频,数字分身/音色/3760_Y26音色/DH-VOI-0001-F003_音色_3760_Y26音色_训练音频.mp3,DH-VOI-0001-F003_音色_3760_Y26音色_训练音频.mp3,.mp3,audio/mpeg,476105,86b990154304ca5d89ec9f2ba61f889b0be83b49be162a510f3f49fdcc07d9c4,"数字分身,音色,音频,3760,Y26音色,训练音频",用于麦兔数字分身相关选择：3760_Y26音色，角色：训练音频,,,,,,,False,parsed,
DH-VOI-0002-F001,DH-VOI-0002,IMG,image,数字分身,音色,digital_human_video,图片,4224_明月（五抖官旗）,音色封面,数字分身 - 图片 - 4224_明月（五抖官旗） - 音色封面,数字分身/音色/4224_明月（五抖官旗）/DH-VOI-0002-F001_音色_4224_明月（五抖官旗）_音色封面.png,DH-VOI-0002-F001_音色_4224_明月（五抖官旗）_音色封面.png,.png,image/png,74374,fe96622e959203937749b18e595b15678ae0c02dc4c62be8cdc80a2a3e1adc3b,"数字分身,音色,图片,4224,明月,五抖官旗,音色封面",用于麦兔数字分身相关选择：4224_明月（五抖官旗），角色：音色封面,,DUP-005,2,2,DH-VOI-0001-F001,数字分身/音色/3760_Y26音色/DH-VOI-0001-F001_音色_3760_Y26音色_音色封面.png,False,parsed,
DH-VOI-0002-F002,DH-VOI-0002,AUD,audio,数字分身,音色,voice_audio,音频,4224_明月（五抖官旗）,试听音频,数字分身 - 音频 - 4224_明月（五抖官旗） - 试听音频,数字分身/音色/4224_明月（五抖官旗）/DH-VOI-0002-F002_音色_4224_明月（五抖官旗）_试听音频.mp3,DH-VOI-0002-F002_音色_4224_明月（五抖官旗）_试听音频.mp3,.mp3,audio/mpeg,26196,2145f7425763ef1b7a796c28532063e3bfc45a4edde6ad0217c59a431430ce7c,"数字分身,音色,音频,4224,明月,五抖官旗,试听音频",用于麦兔数字分身相关选择：4224_明月（五抖官旗），角色：试听音频,,,,,,,False,parsed,
DH-VOI-0002-F003,DH-VOI-0002,AUD,audio,数字分身,音色,voice_audio,音频,4224_明月（五抖官旗）,训练音频,数字分身 - 音频 - 4224_明月（五抖官旗） - 训练音频,数字分身/音色/4224_明月（五抖官旗）/DH-VOI-0002-F003_音色_4224_明月（五抖官旗）_训练音频.mp3,DH-VOI-0002-F003_音色_4224_明月（五抖官旗）_训练音频.mp3,.mp3,audio/mpeg,1534130,d89794656d11023685e3185dddd54c8c636ce7c855f75892c612a4166a26b967,"数字分身,音色,音频,4224,明月,五抖官旗,训练音频",用于麦兔数字分身相关选择：4224_明月（五抖官旗），角色：训练音频,,,,,,,False,parsed,
MT-TPL-0001,,IMG,image,模版,,background_image,模板预览,张裕618背景_preview,模板预览,模版 - 模板预览 - 张裕618背景_preview,模版/302_张裕618背景/MT-TPL-0001_模版_模板预览_张裕618背景_preview.png,MT-TPL-0001_模版_模板预览_张裕618背景_preview.png,.png,image/png,177162,2b27e561f10211e986f824eb3983a838d6df8393ee300838dcad00d188e4dada,"模版,模板预览,张裕618背景,preview,张裕",用于麦兔模版素材选择：张裕618背景_preview，用途：模板预览,,,,,,,False,parsed,
MT-BG-0001,,IMG,image,背景,,background_image,直播背景,背景-3,直播背景,背景 - 直播背景 - 背景-3,背景/MT-BG-0001_背景_直播背景_背景-3.png,MT-BG-0001_背景_直播背景_背景-3.png,.png,image/png,901202,5e8ce7fc08aaa078b57965c7cf046bb492896ddd55a70da98c8966e7755166f3,"背景,直播背景,3",用于麦兔背景素材选择：背景-3，用途：直播背景,,,,,,,False,parsed,
MT-BG-0002,,IMG,image,背景,,background_image,直播背景,直播,直播背景,背景 - 直播背景 - 直播,背景/MT-BG-0002_背景_直播背景_直播.jpeg,MT-BG-0002_背景_直播背景_直播.jpeg,.jpeg,image/jpeg,843040,12775d7aeb9eaf02139e177fa845411c75b7b704f66df423ba577616da3ad6a1,"背景,直播背景,直播",用于麦兔背景素材选择：直播，用途：直播背景,,,,,,,False,parsed,
MT-BG-0003,,IMG,image,背景,,background_image,底部背景,底背景,底部背景,背景 - 底部背景 - 底背景,背景/MT-BG-0003_背景_底部背景_底背景.jpeg,MT-BG-0003_背景_底部背景_底背景.jpeg,.jpeg,image/jpeg,472921,906734b5196c90ef9295ef29613d3ecd3f97d4035d32caf4e96c6d227ffc87a2,"背景,底部背景,底背景",用于麦兔背景素材选择：底背景，用途：底部背景,,,,,,,False,parsed,
MT-BG-0004,,IMG,image,背景,,background_image,直播背景,微信图片_20260618221607_11_15,直播背景,背景 - 直播背景 - 微信图片_20260618221607_11_15,背景/MT-BG-0004_背景_直播背景_微信图片_20260618221607_11_15.jpeg,MT-BG-0004_背景_直播背景_微信图片_20260618221607_11_15.jpeg,.jpeg,image/jpeg,1456578,3443a5e4bf6cbac8bf43e8f1875a308525d3d56d1e1162b72e4263a2cdb87e1b,"背景,直播背景,微信图片,20260618221607,11,15",用于麦兔背景素材选择：微信图片_20260618221607_11_15，用途：直播背景,,,,,,,False,parsed,
MT-DEC-0001,,IMG,image,装饰,,floating_sticker,图标,icon,图标,装饰 - 图标 - icon,装饰/MT-DEC-0001_装饰_图标_icon.png,MT-DEC-0001_装饰_图标_icon.png,.png,image/png,19462,c58816e119a15529df27337cb177301571ee6fc3909e20c3516cbab53cd62192,"装饰,图标,icon",用于麦兔装饰素材选择：icon，用途：图标,,,,,,,False,parsed,
MT-DEC-0002,,IMG,image,装饰,,floating_sticker,装饰,张裕百年,装饰,装饰 - 张裕百年,装饰/MT-DEC-0002_装饰_装饰_张裕百年.png,MT-DEC-0002_装饰_装饰_张裕百年.png,.png,image/png,9573,9658154c97509ec4bb22e35d10b63230e04cbeeb2ddfc21878ee16d7770c9f43,"装饰,张裕百年,张裕",用于麦兔装饰素材选择：张裕百年，用途：装饰,,,,,,,False,parsed,
MT-DEC-0003,,IMG,image,装饰,,floating_sticker,品牌Logo,logo,品牌Logo,装饰 - 品牌Logo - logo,装饰/MT-DEC-0003_装饰_品牌Logo_logo.png,MT-DEC-0003_装饰_品牌Logo_logo.png,.png,image/png,7411,1514f083707bbfe874070cf464f88bd591d189c6e88c3fa13853ae8705f1b1ef,"装饰,品牌Logo,logo",用于麦兔装饰素材选择：logo，用途：品牌Logo,,,,,,,False,parsed,
MT-DEC-0004,,IMG,image,装饰,,floating_sticker,装饰底图,底图,装饰底图,装饰 - 装饰底图 - 底图,装饰/MT-DEC-0004_装饰_装饰底图_底图.png,MT-DEC-0004_装饰_装饰底图_底图.png,.png,image/png,6966,ed2c34dd52e955285dbd1ec477a31972341e93af03926cc8f7cc1cb11642fe29,"装饰,装饰底图,底图",用于麦兔装饰素材选择：底图，用途：装饰底图,,,,,,,False,parsed,
MT-DEC-0005,,IMG,image,装饰,,floating_sticker,动效装饰,gif-01,动效装饰,装饰 - 动效装饰 - gif-01,装饰/MT-DEC-0005_装饰_动效装饰_gif-01.gif,MT-DEC-0005_装饰_动效装饰_gif-01.gif,.gif,image/gif,47393,0816c96528b8b40427a9dcda937fa0c7f17aa348b34a810cea8738801f9f9f4e,"装饰,动效装饰,gif,01",用于麦兔装饰素材选择：gif-01，用途：动效装饰,,,,,,,False,parsed,
MT-DEC-0006,,IMG,image,装饰,,floating_sticker,装饰,png,装饰,装饰 - png,装饰/MT-DEC-0006_装饰_装饰_png.png,MT-DEC-0006_装饰_装饰_png.png,.png,image/png,100022,aaf80719ca68e340fa5cbfec1c36326322621020452384847ba29c3dbd381c25,"装饰,png",用于麦兔装饰素材选择：png，用途：装饰,,,,,,,False,parsed,
MT-DEC-0007,,IMG,image,装饰,,floating_sticker,贴片,AI贴片黑,贴片,装饰 - 贴片 - AI贴片黑,装饰/MT-DEC-0007_装饰_贴片_AI贴片黑.png,MT-DEC-0007_装饰_贴片_AI贴片黑.png,.png,image/png,3965,54fb106a7d83bea67471387b37d0ee9babdac9990044c4377d6686f32f477ae2,"装饰,贴片,AI贴片黑",用于麦兔装饰素材选择：AI贴片黑，用途：贴片,,,,,,,False,parsed,
MT-DEC-0008,,IMG,image,装饰,,floating_sticker,贴片,AI贴片白,贴片,装饰 - 贴片 - AI贴片白,装饰/MT-DEC-0008_装饰_贴片_AI贴片白.png,MT-DEC-0008_装饰_贴片_AI贴片白.png,.png,image/png,3738,8c18388a5ab4e30669f1f3d06e729444046779957978855cca823905b8c33121,"装饰,贴片,AI贴片白",用于麦兔装饰素材选择：AI贴片白，用途：贴片,,,,,,,False,parsed,
MT-DEC-0009,,IMG,image,装饰,,floating_sticker,动效装饰,抽奖GIF新,动效装饰,装饰 - 动效装饰 - 抽奖GIF新,装饰/MT-DEC-0009_装饰_动效装饰_抽奖GIF新.gif,MT-DEC-0009_装饰_动效装饰_抽奖GIF新.gif,.gif,image/gif,47568,3e585ac12f80a26eeab477ec887bb39f625de73dd7a5713d760ce872456e0f99,"装饰,动效装饰,抽奖GIF新",用于麦兔装饰素材选择：抽奖GIF新，用途：动效装饰,,,,,,,False,parsed,
MT-DEC-0010,,IMG,image,装饰,,floating_sticker,装饰底图,底,装饰底图,装饰 - 装饰底图 - 底,装饰/MT-DEC-0010_装饰_装饰底图_底.png,MT-DEC-0010_装饰_装饰底图_底.png,.png,image/png,600893,b7b155c2bf61f84e636ae66a4ea61e2263978cb4fbed87c48f5a36931dd137b3,"装饰,装饰底图,底",用于麦兔装饰素材选择：底，用途：装饰底图,,DUP-006,1,2,MT-DEC-0010,装饰/MT-DEC-0010_装饰_装饰底图_底.png,True,parsed,
MT-DEC-0011,,IMG,image,装饰,,floating_sticker,装饰,头部1,装饰,装饰 - 头部1,装饰/MT-DEC-0011_装饰_装饰_头部1.png,MT-DEC-0011_装饰_装饰_头部1.png,.png,image/png,215782,c27718e6435262ba021e62592965e880ca3a9d0816e56d83692ae7a320ac1aa5,"装饰,头部1",用于麦兔装饰素材选择：头部1，用途：装饰,,DUP-007,1,2,MT-DEC-0011,装饰/MT-DEC-0011_装饰_装饰_头部1.png,True,parsed,
MT-DEC-0012,,IMG,image,装饰,,floating_sticker,装饰,头部1,装饰,装饰 - 头部1,装饰/MT-DEC-0012_装饰_装饰_头部1.png,MT-DEC-0012_装饰_装饰_头部1.png,.png,image/png,215782,c27718e6435262ba021e62592965e880ca3a9d0816e56d83692ae7a320ac1aa5,"装饰,头部1",用于麦兔装饰素材选择：头部1，用途：装饰,,DUP-007,2,2,MT-DEC-0011,装饰/MT-DEC-0011_装饰_装饰_头部1.png,False,parsed,
MT-DEC-0013,,IMG,image,装饰,,floating_sticker,装饰底图,底,装饰底图,装饰 - 装饰底图 - 底,装饰/MT-DEC-0013_装饰_装饰底图_底.png,MT-DEC-0013_装饰_装饰底图_底.png,.png,image/png,600893,b7b155c2bf61f84e636ae66a4ea61e2263978cb4fbed87c48f5a36931dd137b3,"装饰,装饰底图,底",用于麦兔装饰素材选择：底，用途：装饰底图,,DUP-006,2,2,MT-DEC-0010,装饰/MT-DEC-0010_装饰_装饰底图_底.png,False,parsed,
MT-DEC-0014,,IMG,image,装饰,,floating_sticker,前景框,直播-前景,前景框,装饰 - 前景框 - 直播-前景,装饰/MT-DEC-0014_装饰_前景框_直播-前景.png,MT-DEC-0014_装饰_前景框_直播-前景.png,.png,image/png,505248,1216e1d7339d3af2b5cb0d1a4777a135439f5b9b87ff32478731f13efbef94e6,"装饰,前景框,直播,前景",用于麦兔装饰素材选择：直播-前景，用途：前景框,,,,,,,False,parsed,
MT-DEC-0015,,IMG,image,装饰,,floating_sticker,装饰,100029295227,装饰,装饰 - 100029295227,装饰/MT-DEC-0015_装饰_装饰_100029295227.png,MT-DEC-0015_装饰_装饰_100029295227.png,.png,image/png,193173,c0612db293bbf78b7d901881065c6c8c118f392d690685dbc85b93270925f058,"装饰,100029295227",用于麦兔装饰素材选择：100029295227，用途：装饰,,,,,,,False,parsed,
MT-DEC-0016,,IMG,image,装饰,,floating_sticker,商品贴片,品酒大师MASTER,商品贴片,装饰 - 商品贴片 - 品酒大师MASTER,装饰/MT-DEC-0016_装饰_商品贴片_品酒大师MASTER.png,MT-DEC-0016_装饰_商品贴片_品酒大师MASTER.png,.png,image/png,176058,ac2bb0fad4606f716b6322e330f5844e6e0ca220fb5a2688689f3e181b59d1dc,"装饰,商品贴片,品酒大师MASTER,品酒大师,MASTER",用于麦兔装饰素材选择：品酒大师MASTER，用途：商品贴片,,,,,,,False,parsed,
MT-DEC-0017,,IMG,image,装饰,,floating_sticker,商品贴片,品酒大师PLUS,商品贴片,装饰 - 商品贴片 - 品酒大师PLUS,装饰/MT-DEC-0017_装饰_商品贴片_品酒大师PLUS.png,MT-DEC-0017_装饰_商品贴片_品酒大师PLUS.png,.png,image/png,230193,a348ed6096fe313b51ebefe3efefab1438669a226220914d4cdd276702e96f7c,"装饰,商品贴片,品酒大师PLUS,品酒大师,PLUS",用于麦兔装饰素材选择：品酒大师PLUS，用途：商品贴片,,DUP-008,1,2,MT-DEC-0017,装饰/MT-DEC-0017_装饰_商品贴片_品酒大师PLUS.png,True,parsed,
MT-DEC-0018,,IMG,image,装饰,,floating_sticker,商品贴片,品酒大师PLUS,商品贴片,装饰 - 商品贴片 - 品酒大师PLUS,装饰/MT-DEC-0018_装饰_商品贴片_品酒大师PLUS.png,MT-DEC-0018_装饰_商品贴片_品酒大师PLUS.png,.png,image/png,230193,a348ed6096fe313b51ebefe3efefab1438669a226220914d4cdd276702e96f7c,"装饰,商品贴片,品酒大师PLUS,品酒大师,PLUS",用于麦兔装饰素材选择：品酒大师PLUS，用途：商品贴片,,DUP-008,2,2,MT-DEC-0017,装饰/MT-DEC-0017_装饰_商品贴片_品酒大师PLUS.png,False,parsed,
MT-DEC-0019,,IMG,image,装饰,,floating_sticker,前景框,前景,前景框,装饰 - 前景框 - 前景,装饰/MT-DEC-0019_装饰_前景框_前景.png,MT-DEC-0019_装饰_前景框_前景.png,.png,image/png,290676,5dc150927d5947f5fe5e0e6d5d70844e72e043fd1d32899f14a207ace061916d,"装饰,前景框,前景",用于麦兔装饰素材选择：前景，用途：前景框,,,,,,,False,parsed,
MT-DEC-0020,,IMG,image,装饰,,floating_sticker,品牌Logo,标题+logo,品牌Logo,装饰 - 品牌Logo - 标题+logo,装饰/MT-DEC-0020_装饰_品牌Logo_标题+logo.png,MT-DEC-0020_装饰_品牌Logo_标题+logo.png,.png,image/png,614708,e5e839741769b4491d67f30dafed80ad63948580db3f0b0e0fd01713f1941ad3,"装饰,品牌Logo,标题+logo",用于麦兔装饰素材选择：标题+logo，用途：品牌Logo,,,,,,,False,parsed,
MT-DEC-0021,,IMG,image,装饰,,floating_sticker,动效装饰,转盘动图,动效装饰,装饰 - 动效装饰 - 转盘动图,装饰/MT-DEC-0021_装饰_动效装饰_转盘动图.gif,MT-DEC-0021_装饰_动效装饰_转盘动图.gif,.gif,image/gif,53898,8cd37022b2ae83a98f7ef72427d3ac5d362e2a2e257f487a24c2c36d6815234e,"装饰,动效装饰,转盘动图",用于麦兔装饰素材选择：转盘动图，用途：动效装饰,,,,,,,False,parsed,
MT-DEC-0022,,IMG,image,装饰,,floating_sticker,买赠贴片,张裕买赠,买赠贴片,装饰 - 买赠贴片 - 张裕买赠,装饰/MT-DEC-0022_装饰_买赠贴片_张裕买赠.png,MT-DEC-0022_装饰_买赠贴片_张裕买赠.png,.png,image/png,131443,c41573d48ddfe19bbb5aff643ff5c483c96a739a521d8d737185713d5ab29e74,"装饰,买赠贴片,张裕买赠,张裕",用于麦兔装饰素材选择：张裕买赠，用途：买赠贴片,,,,,,,False,parsed,
MT-DEC-0023,,IMG,image,装饰,,floating_sticker,动效装饰,标题动图-6088,动效装饰,装饰 - 动效装饰 - 标题动图-6088,装饰/MT-DEC-0023_装饰_动效装饰_标题动图-6088.gif,MT-DEC-0023_装饰_动效装饰_标题动图-6088.gif,.gif,image/gif,24484787,3085c30a163770263c6f18c12291353b2db7babef7f81e7ca7309e6a58df83de,"装饰,动效装饰,标题动图,6088",用于麦兔装饰素材选择：标题动图-6088，用途：动效装饰,,,,,,,False,parsed,
MT-DEC-0024,,IMG,image,装饰,,floating_sticker,商品贴片,品酒大师PRO,商品贴片,装饰 - 商品贴片 - 品酒大师PRO,装饰/MT-DEC-0024_装饰_商品贴片_品酒大师PRO.png,MT-DEC-0024_装饰_商品贴片_品酒大师PRO.png,.png,image/png,162727,b93c79a6f127165cf24dad4552bb2d86e3b5d33cc898bf1f5d9e3117fbaf0306,"装饰,商品贴片,品酒大师PRO,品酒大师,PRO",用于麦兔装饰素材选择：品酒大师PRO，用途：商品贴片,,,,,,,False,parsed,
MT-DEC-0025,,IMG,image,装饰,,floating_sticker,礼盒装饰,礼盒,礼盒装饰,装饰 - 礼盒装饰 - 礼盒,装饰/MT-DEC-0025_装饰_礼盒装饰_礼盒.png,MT-DEC-0025_装饰_礼盒装饰_礼盒.png,.png,image/png,457661,598d67e6a147dc5d3b7fb6534e10cc422399e6ee0d432a4dc2ce52124568be69,"装饰,礼盒装饰,礼盒",用于麦兔装饰素材选择：礼盒，用途：礼盒装饰,,,,,,,False,parsed,
MT-DEC-0026,,IMG,image,装饰,,floating_sticker,动效装饰,6月29日(1)-7682,动效装饰,装饰 - 动效装饰 - 6月29日(1)-7682,装饰/MT-DEC-0026_装饰_动效装饰_6月29日(1)-7682.gif,MT-DEC-0026_装饰_动效装饰_6月29日(1)-7682.gif,.gif,image/gif,49154721,10c42a36be91521093ebafdf0fc17c8f8f66fe5e163c55af0c45cabd064000d8,"装饰,动效装饰,6月29日,1,7682",用于麦兔装饰素材选择：6月29日(1)-7682，用途：动效装饰,,,,,,,False,parsed,
MT-VID-0001,,VID,video,视频,,product_video,开箱视频,龙谕龙8_开箱,开箱视频,视频 - 开箱视频 - 龙谕龙8_开箱,视频/MT-VID-0001_视频_开箱视频_龙谕龙8_开箱.mov,MT-VID-0001_视频_开箱视频_龙谕龙8_开箱.mov,.mov,video/quicktime,443888644,89e06b42b942a89c156c9dd23bd2b0ed25fc658c32faa8bda7149c3f850283c8,"视频,开箱视频,龙谕龙8,开箱,龙谕,龙8",用于麦兔视频素材选择：龙谕龙8_开箱，用途：开箱视频,,,,,,,False,parsed,
MT-VID-0002,,VID,video,视频,,product_video,商品整体视频,多名利特选窖藏_整体,商品整体视频,视频 - 商品整体视频 - 多名利特选窖藏_整体,视频/MT-VID-0002_视频_商品整体视频_多名利特选窖藏_整体.mov,MT-VID-0002_视频_商品整体视频_多名利特选窖藏_整体.mov,.mov,video/quicktime,602358928,d6b6bc1c3e70f1d65a8f905481636c1ad3a295e332a16935f12fbf0332e6ef16,"视频,商品整体视频,多名利特选窖藏,整体,多名利",用于麦兔视频素材选择：多名利特选窖藏_整体，用途：商品整体视频,,,,,,,False,parsed,
MT-VID-0003,,VID,video,视频,,product_video,商品整体视频,解百纳1937_整体,商品整体视频,视频 - 商品整体视频 - 解百纳1937_整体,视频/MT-VID-0003_视频_商品整体视频_解百纳1937_整体.mov,MT-VID-0003_视频_商品整体视频_解百纳1937_整体.mov,.mov,video/quicktime,595334803,8b3517150d80f7964ad8defe61f43fff9a178ea3794762f8a3f217d5cddc0324,"视频,商品整体视频,解百纳1937,整体,解百纳,1937",用于麦兔视频素材选择：解百纳1937_整体，用途：商品整体视频,,,,,,,False,parsed,
MT-VID-0004,,VID,video,视频,,product_video,商品整体视频,龙谕龙12_整体,商品整体视频,视频 - 商品整体视频 - 龙谕龙12_整体,视频/MT-VID-0004_视频_商品整体视频_龙谕龙12_整体.mov,MT-VID-0004_视频_商品整体视频_龙谕龙12_整体.mov,.mov,video/quicktime,256036443,fc8078d197962f9e8e28e1ef061b9f3d34c4c907ac008e12be4ee969463d9192,"视频,商品整体视频,龙谕龙12,整体,龙谕,龙12",用于麦兔视频素材选择：龙谕龙12_整体，用途：商品整体视频,,,,,,,False,parsed,
MT-VID-0005,,VID,video,视频,,product_video,酒体视频,龙谕龙12_酒体,酒体视频,视频 - 酒体视频 - 龙谕龙12_酒体,视频/MT-VID-0005_视频_酒体视频_龙谕龙12_酒体.mov,MT-VID-0005_视频_酒体视频_龙谕龙12_酒体.mov,.mov,video/quicktime,461383027,f01a6f302e5d04129e15a5c678185aa4e1b614a056c4c65e487f6d0e7b55a8f0,"视频,酒体视频,龙谕龙12,酒体,龙谕,龙12",用于麦兔视频素材选择：龙谕龙12_酒体，用途：酒体视频,,,,,,,False,parsed,
MT-VID-0006,,VID,video,视频,,product_video,酒体视频,龙谕龙8_酒体,酒体视频,视频 - 酒体视频 - 龙谕龙8_酒体,视频/MT-VID-0006_视频_酒体视频_龙谕龙8_酒体.mov,MT-VID-0006_视频_酒体视频_龙谕龙8_酒体.mov,.mov,video/quicktime,629655796,26059e8fd09599f5d34bac12be70d1b6cba9fd814faf31e3d18104cb02bcb166,"视频,酒体视频,龙谕龙8,酒体,龙谕,龙8",用于麦兔视频素材选择：龙谕龙8_酒体，用途：酒体视频,,,,,,,False,parsed,
MT-VID-0007,,VID,video,视频,,product_video,开箱视频,龙谕龙12_开箱,开箱视频,视频 - 开箱视频 - 龙谕龙12_开箱,视频/MT-VID-0007_视频_开箱视频_龙谕龙12_开箱.mov,MT-VID-0007_视频_开箱视频_龙谕龙12_开箱.mov,.mov,video/quicktime,427269157,b6f39f6fb85fc82fe842d61a320e3ff7d50018fa768f31d2cade4398ce01238f,"视频,开箱视频,龙谕龙12,开箱,龙谕,龙12",用于麦兔视频素材选择：龙谕龙12_开箱，用途：开箱视频,,,,,,,False,parsed,
MT-VID-0008,,VID,video,视频,,product_video,酒体视频,龙谕单一园_酒体,酒体视频,视频 - 酒体视频 - 龙谕单一园_酒体,视频/MT-VID-0008_视频_酒体视频_龙谕单一园_酒体.mov,MT-VID-0008_视频_酒体视频_龙谕单一园_酒体.mov,.mov,video/quicktime,396944745,4fa7044ca47c8f1d290ba495b3aad23abb1670020cd28886235b697d02e2dab7,"视频,酒体视频,龙谕单一园,酒体,龙谕,单一园",用于麦兔视频素材选择：龙谕单一园_酒体，用途：酒体视频,,,,,,,False,parsed,
MT-VID-0009,,VID,video,视频,,product_video,商品整体视频,龙谕龙8_整体,商品整体视频,视频 - 商品整体视频 - 龙谕龙8_整体,视频/MT-VID-0009_视频_商品整体视频_龙谕龙8_整体.mov,MT-VID-0009_视频_商品整体视频_龙谕龙8_整体.mov,.mov,video/quicktime,132443361,9722511bef9f52c8c2517e3382da422b1793a647d653b521afe8651d2780be7a,"视频,商品整体视频,龙谕龙8,整体,龙谕,龙8",用于麦兔视频素材选择：龙谕龙8_整体，用途：商品整体视频,,,,,,,False,parsed,
MT-VID-0010,,VID,video,视频,,product_video,商品整体视频,品酒大师PLUS_整体,商品整体视频,视频 - 商品整体视频 - 品酒大师PLUS_整体,视频/MT-VID-0010_视频_商品整体视频_品酒大师PLUS_整体.mov,MT-VID-0010_视频_商品整体视频_品酒大师PLUS_整体.mov,.mov,video/quicktime,227747761,f4883c9fdcfc13713a02a0725c0605adb99a9077e15766f406484b3b98376eb5,"视频,商品整体视频,品酒大师PLUS,整体,品酒大师,PLUS",用于麦兔视频素材选择：品酒大师PLUS_整体，用途：商品整体视频,,,,,,,False,parsed,
MT-VID-0011,,VID,video,视频,,product_video,酒体视频,品酒大师PLUS_酒体,酒体视频,视频 - 酒体视频 - 品酒大师PLUS_酒体,视频/MT-VID-0011_视频_酒体视频_品酒大师PLUS_酒体.mov,MT-VID-0011_视频_酒体视频_品酒大师PLUS_酒体.mov,.mov,video/quicktime,584342699,cc0ff012e58dcdf0e80c2d82ab581e36a47f1480ef02b86596fc6f608f320aed,"视频,酒体视频,品酒大师PLUS,酒体,品酒大师,PLUS",用于麦兔视频素材选择：品酒大师PLUS_酒体，用途：酒体视频,,,,,,,False,parsed,
MT-VID-0012,,VID,video,视频,,product_video,商品整体视频,品酒大师SUPER_整体,商品整体视频,视频 - 商品整体视频 - 品酒大师SUPER_整体,视频/MT-VID-0012_视频_商品整体视频_品酒大师SUPER_整体.mov,MT-VID-0012_视频_商品整体视频_品酒大师SUPER_整体.mov,.mov,video/quicktime,216201333,52216243b340b0b66835e352d9e650c2ffce4278f0b28bc1f40af5f65d1a9d46,"视频,商品整体视频,品酒大师SUPER,整体,品酒大师,SUPER",用于麦兔视频素材选择：品酒大师SUPER_整体，用途：商品整体视频,,,,,,,False,parsed,
MT-VID-0013,,VID,video,视频,,product_video,开箱视频,N158_开箱,开箱视频,视频 - 开箱视频 - N158_开箱,视频/MT-VID-0013_视频_开箱视频_N158_开箱.mov,MT-VID-0013_视频_开箱视频_N158_开箱.mov,.mov,video/quicktime,217100566,3237eb133755bf91d02e452241b6f18b5f72a07862bd1c57abbac56bd7ad4673,"视频,开箱视频,N158,开箱",用于麦兔视频素材选择：N158_开箱，用途：开箱视频,,,,,,,False,parsed,
MT-VID-0014,,VID,video,视频,,product_video,酒体视频,品酒大师SUPER_酒体,酒体视频,视频 - 酒体视频 - 品酒大师SUPER_酒体,视频/MT-VID-0014_视频_酒体视频_品酒大师SUPER_酒体.mov,MT-VID-0014_视频_酒体视频_品酒大师SUPER_酒体.mov,.mov,video/quicktime,496016261,6046b030ca3beb10781f125268d500468dc8b41bdbcb332ccbdb6a4f25e865b1,"视频,酒体视频,品酒大师SUPER,酒体,品酒大师,SUPER",用于麦兔视频素材选择：品酒大师SUPER_酒体，用途：酒体视频,,,,,,,False,parsed,
MT-VID-0015,,VID,video,视频,,product_video,开箱视频,品酒大师SUPER_开箱,开箱视频,视频 - 开箱视频 - 品酒大师SUPER_开箱,视频/MT-VID-0015_视频_开箱视频_品酒大师SUPER_开箱.mov,MT-VID-0015_视频_开箱视频_品酒大师SUPER_开箱.mov,.mov,video/quicktime,503229788,4ed2856ed8f6614bc511b0309b8acabfcb93ce951f49df35e93225416c95cf0c,"视频,开箱视频,品酒大师SUPER,开箱,品酒大师,SUPER",用于麦兔视频素材选择：品酒大师SUPER_开箱，用途：开箱视频,,,,,,,False,parsed,
MT-VID-0016,,VID,video,视频,,product_video,酒体视频,品酒大师PRO_酒体,酒体视频,视频 - 酒体视频 - 品酒大师PRO_酒体,视频/MT-VID-0016_视频_酒体视频_品酒大师PRO_酒体.mov,MT-VID-0016_视频_酒体视频_品酒大师PRO_酒体.mov,.mov,video/quicktime,585074454,138d20431679a59163a2d3b8cb6ffc63341a6c2f6c0e5e9b8cf8ab593ec1cf2c,"视频,酒体视频,品酒大师PRO,酒体,品酒大师,PRO",用于麦兔视频素材选择：品酒大师PRO_酒体，用途：酒体视频,,,,,,,False,parsed,
MT-VID-0017,,VID,video,视频,,product_video,商品整体视频,品酒大师MASTER_整体,商品整体视频,视频 - 商品整体视频 - 品酒大师MASTER_整体,视频/MT-VID-0017_视频_商品整体视频_品酒大师MASTER_整体.mov,MT-VID-0017_视频_商品整体视频_品酒大师MASTER_整体.mov,.mov,video/quicktime,123760101,b7e8332648f81d8cfcd256a5a7566767a7ac45e6e9b6825118823a8526c2c71a,"视频,商品整体视频,品酒大师MASTER,整体,品酒大师,MASTER",用于麦兔视频素材选择：品酒大师MASTER_整体，用途：商品整体视频,,,,,,,False,parsed,
MT-VID-0018,,VID,video,视频,,product_video,商品讲解视频,解百纳1937,商品讲解视频,视频 - 商品讲解视频 - 解百纳1937,视频/MT-VID-0018_视频_商品讲解视频_解百纳1937.mov,MT-VID-0018_视频_商品讲解视频_解百纳1937.mov,.mov,video/quicktime,156184038,df48e3fcdddeb5d70433c291170e5f2e0c6ee2f26dbfb2030b08d927e69556a4,"视频,商品讲解视频,解百纳1937,解百纳,1937",用于麦兔视频素材选择：解百纳1937，用途：商品讲解视频,,,,,,,False,parsed,
MT-VID-0019,,VID,video,视频,,product_video,酒体视频,N158_酒体,酒体视频,视频 - 酒体视频 - N158_酒体,视频/MT-VID-0019_视频_酒体视频_N158_酒体.mov,MT-VID-0019_视频_酒体视频_N158_酒体.mov,.mov,video/quicktime,138001894,3ef237e0df3eff3377976acd578b977b11b9f3f3cf5dff6144fcb486cf3a8a86,"视频,酒体视频,N158,酒体",用于麦兔视频素材选择：N158_酒体，用途：酒体视频,,,,,,,False,parsed,
MT-VID-0020,,VID,video,视频,,product_video,开箱视频,龙谕单一园_开箱,开箱视频,视频 - 开箱视频 - 龙谕单一园_开箱,视频/MT-VID-0020_视频_开箱视频_龙谕单一园_开箱.mov,MT-VID-0020_视频_开箱视频_龙谕单一园_开箱.mov,.mov,video/quicktime,110239206,2918eedab5052e81cdb8cc5cba9f3dac9531169ce5e27d3ae0fe751052cdb306,"视频,开箱视频,龙谕单一园,开箱,龙谕,单一园",用于麦兔视频素材选择：龙谕单一园_开箱，用途：开箱视频,,,,,,,False,parsed,
MT-VID-0021,,VID,video,视频,,product_video,视频素材,Timeline1-4699,视频素材,视频 - 视频素材 - Timeline1-4699,视频/MT-VID-0021_视频_视频素材_Timeline1-4699.mov,MT-VID-0021_视频_视频素材_Timeline1-4699.mov,.mov,video/quicktime,33873687,21224baf29256be570094e0ee5923697e50de2751777f012685bfe879e0c69cf,"视频,视频素材,Timeline1,4699",用于麦兔视频素材选择：Timeline1-4699，用途：视频素材,,,,,,,False,parsed,
MT-VID-0022,,VID,video,视频,,product_video,视频素材,6月25日-3436,视频素材,视频 - 视频素材 - 6月25日-3436,视频/MT-VID-0022_视频_视频素材_6月25日-3436.mov,MT-VID-0022_视频_视频素材_6月25日-3436.mov,.mov,video/quicktime,246988260,565c218101d07875312278dcaea0b0fb2520f093d67050c4fd0cc7737d8e36ab,"视频,视频素材,6月25日,3436",用于麦兔视频素材选择：6月25日-3436，用途：视频素材,,,,,,,False,parsed,
MT-VID-0023,,VID,video,视频,,product_video,商品讲解视频,品酒大师MASTER,商品讲解视频,视频 - 商品讲解视频 - 品酒大师MASTER,视频/MT-VID-0023_视频_商品讲解视频_品酒大师MASTER.mp4,MT-VID-0023_视频_商品讲解视频_品酒大师MASTER.mp4,.mp4,video/mp4,12867635,15644303a0ab5d6aa7043b68e84255a812992378a25f51235b4c531a94f95f1b,"视频,商品讲解视频,品酒大师MASTER,品酒大师,MASTER",用于麦兔视频素材选择：品酒大师MASTER，用途：商品讲解视频,,,,,,,False,parsed,
MT-VID-0024,,VID,video,视频,,product_video,商品讲解视频,品酒大师PRO,商品讲解视频,视频 - 商品讲解视频 - 品酒大师PRO,视频/MT-VID-0024_视频_商品讲解视频_品酒大师PRO.mp4,MT-VID-0024_视频_商品讲解视频_品酒大师PRO.mp4,.mp4,video/mp4,13847586,a803a7d13afe5695b42f1e4f74809cc99b54e6276c0ff5ce02b07fb34895a6cc,"视频,商品讲解视频,品酒大师PRO,品酒大师,PRO",用于麦兔视频素材选择：品酒大师PRO，用途：商品讲解视频,,,,,,,False,parsed,
MT-VID-0025,,VID,video,视频,,product_video,商品讲解视频,品酒大师PLUS,商品讲解视频,视频 - 商品讲解视频 - 品酒大师PLUS,视频/MT-VID-0025_视频_商品讲解视频_品酒大师PLUS.mp4,MT-VID-0025_视频_商品讲解视频_品酒大师PLUS.mp4,.mp4,video/mp4,28633274,691a0f839abd9a6366e13c1b8876b9d49c14c48922813cfd25c83df952a94f1d,"视频,商品讲解视频,品酒大师PLUS,品酒大师,PLUS",用于麦兔视频素材选择：品酒大师PLUS，用途：商品讲解视频,,,,,,,False,parsed,
MT-VID-0026,,VID,video,视频,,product_video,商品讲解视频,品酒大师SUPER,商品讲解视频,视频 - 商品讲解视频 - 品酒大师SUPER,视频/MT-VID-0026_视频_商品讲解视频_品酒大师SUPER.mp4,MT-VID-0026_视频_商品讲解视频_品酒大师SUPER.mp4,.mp4,video/mp4,19319938,78802ae039b3f98ccea135067298ca297efc97a2cf8d1471e5204c635bc212a2,"视频,商品讲解视频,品酒大师SUPER,品酒大师,SUPER",用于麦兔视频素材选择：品酒大师SUPER，用途：商品讲解视频,,,,,,,False,parsed,
MT-VID-0027,,VID,video,视频,,product_video,品牌TVC,品酒大师_TVC,品牌TVC,视频 - 品牌TVC - 品酒大师_TVC,视频/MT-VID-0027_视频_品牌TVC_品酒大师_TVC.mp4,MT-VID-0027_视频_品牌TVC_品酒大师_TVC.mp4,.mp4,video/mp4,251444717,cbd30fb4cc3b0c397e99ef443e37b42d4e3d9d0929b41c051f4b8caac46763c9,"视频,品牌TVC,品酒大师,TVC",用于麦兔视频素材选择：品酒大师_TVC，用途：品牌TVC,,,,,,,False,parsed,
MT-VID-0028,,VID,video,视频,,product_video,视频素材,6月29日(2)-9051,视频素材,视频 - 视频素材 - 6月29日(2)-9051,视频/MT-VID-0028_视频_视频素材_6月29日(2)-9051.mp4,MT-VID-0028_视频_视频素材_6月29日(2)-9051.mp4,.mp4,video/mp4,12168226,c9c7e9deef0ee4a8a45d785148daca50d08cbe588b886bed4f48cad05fb8f4b1,"视频,视频素材,6月29日,2,9051",用于麦兔视频素材选择：6月29日(2)-9051，用途：视频素材,,,,,,,False,parsed,
