asset_code,asset_type,maitu_type,maitu_subtype,file_role,original_relative_path,new_relative_path,original_filename,new_filename,title,original_extension,canonical_extension,maitu_material_id_guess,size_bytes,sha256,duplicate_group,duplicate_rank,duplicate_count,duplicate_primary_path,rename_action,dedupe_suggestion
AG-IMG-20260709-000001,IMG,数字分身,数字分身成品,image,数字分身\数字分身成品\37200_张裕定制形象260519.png,数字分身\数字分身成品\AG-IMG-20260709-000001_37200_张裕定制形象260519_图片.png,37200_张裕定制形象260519.png,AG-IMG-20260709-000001_37200_张裕定制形象260519_图片.png,37200_张裕定制形象260519_图片,.png,.png,37200,1452253,85c3192b32064ee42c9e60ab001c61b3e087a962a6e2989e89d84cc62f1d4eb3,DUP-001,1,4,数字分身\数字分身成品\37200_张裕定制形象260519.png,rename_only,primary_of_duplicate_group
AG-IMG-20260709-000002,IMG,数字分身,数字分身成品,image,数字分身\数字分身成品\37200_张裕定制形象260519\37200_张裕定制形象260519_cover.png,数字分身\数字分身成品\37200_张裕定制形象260519\AG-IMG-20260709-000002_37200_张裕定制形象260519_封面.png,37200_张裕定制形象260519_cover.png,AG-IMG-20260709-000002_37200_张裕定制形象260519_封面.png,37200_张裕定制形象260519_封面,.png,.png,37200,1452253,85c3192b32064ee42c9e60ab001c61b3e087a962a6e2989e89d84cc62f1d4eb3,DUP-001,2,4,数字分身\数字分身成品\37200_张裕定制形象260519.png,rename_only,keep_primary_review_duplicate
AG-IMG-20260709-000003,IMG,数字分身,数字分身成品,image,数字分身\数字分身成品\40222_明月.png,数字分身\数字分身成品\AG-IMG-20260709-000003_40222_明月_图片.png,40222_明月.png,AG-IMG-20260709-000003_40222_明月_图片.png,40222_明月_图片,.png,.png,40222,1834311,274d54c4a4088a44d20df9d525a21adfeff87aca3a6e292a59ad62ca8ee5793a,DUP-003,1,4,数字分身\数字分身成品\40222_明月.png,rename_only,primary_of_duplicate_group
AG-IMG-20260709-000004,IMG,数字分身,数字分身成品,image,数字分身\数字分身成品\40222_明月\40222_明月_cover.png,数字分身\数字分身成品\40222_明月\AG-IMG-20260709-000004_40222_明月_封面.png,40222_明月_cover.png,AG-IMG-20260709-000004_40222_明月_封面.png,40222_明月_封面,.png,.png,40222,1834311,274d54c4a4088a44d20df9d525a21adfeff87aca3a6e292a59ad62ca8ee5793a,DUP-003,2,4,数字分身\数字分身成品\40222_明月.png,rename_only,keep_primary_review_duplicate
AG-IMG-20260709-000005,IMG,数字分身,模特,image,数字分身\模特\7717_Y26定制\7717_Y26定制_cover_url.png,数字分身\模特\7717_Y26定制\AG-IMG-20260709-000005_7717_Y26定制_封面.png,7717_Y26定制_cover_url.png,AG-IMG-20260709-000005_7717_Y26定制_封面.png,7717_Y26定制_封面,.png,.png,7717,1452253,85c3192b32064ee42c9e60ab001c61b3e087a962a6e2989e89d84cc62f1d4eb3,DUP-001,3,4,数字分身\数字分身成品\37200_张裕定制形象260519.png,rename_only,keep_primary_review_duplicate
AG-IMG-20260709-000006,IMG,数字分身,模特,image,数字分身\模特\7717_Y26定制\分段封面\00_1477321 张裕 多名利特选窖藏 干红葡萄酒 750ml6瓶 整箱装 赤霞珠 全00221834_cover.png,数字分身\模特\7717_Y26定制\分段封面\AG-IMG-20260709-000006_7717_Y26定制_00_多名利特选窖藏_分段封面.png,00_1477321 张裕 多名利特选窖藏 干红葡萄酒 750ml6瓶 整箱装 赤霞珠 全00221834_cover.png,AG-IMG-20260709-000006_7717_Y26定制_00_多名利特选窖藏_分段封面.png,7717_Y26定制_00_多名利特选窖藏_分段封面,.png,.png,,1452253,85c3192b32064ee42c9e60ab001c61b3e087a962a6e2989e89d84cc62f1d4eb3,DUP-001,4,4,数字分身\数字分身成品\37200_张裕定制形象260519.png,rename_only,keep_primary_review_duplicate
AG-IMG-20260709-000007,IMG,数字分身,模特,image,数字分身\模特\7717_Y26定制\分段封面\01_100029935774 张裕 九代解百纳N158 干红葡萄酒 750ml2瓶 红酒礼盒 全00218094_cover.png,数字分身\模特\7717_Y26定制\分段封面\AG-IMG-20260709-000007_7717_Y26定制_01_N158_礼盒_分段封面.png,01_100029935774 张裕 九代解百纳N158 干红葡萄酒 750ml2瓶 红酒礼盒 全00218094_cover.png,AG-IMG-20260709-000007_7717_Y26定制_01_N158_礼盒_分段封面.png,7717_Y26定制_01_N158_礼盒_分段封面,.png,.png,,1825214,,,,,,rename_only,unique
AG-IMG-20260709-000008,IMG,数字分身,模特,image,数字分身\模特\7717_Y26定制\分段封面\02_100014757963 张裕 九代解百纳1937 干红葡萄酒 750ml6瓶 整箱装 全00214434_cover.png,数字分身\模特\7717_Y26定制\分段封面\AG-IMG-20260709-000008_7717_Y26定制_02_解百纳1937_分段封面.png,02_100014757963 张裕 九代解百纳1937 干红葡萄酒 750ml6瓶 整箱装 全00214434_cover.png,AG-IMG-20260709-000008_7717_Y26定制_02_解百纳1937_分段封面.png,7717_Y26定制_02_解百纳1937_分段封面,.png,.png,,1445619,,,,,,rename_only,unique
AG-IMG-20260709-000009,IMG,数字分身,模特,image,数字分身\模特\7717_Y26定制\分段封面\03_100164837228 张裕 九代解百纳 品酒大师super 干红葡萄酒 750ml 单瓶装 全2_00210690_cover.png,数字分身\模特\7717_Y26定制\分段封面\AG-IMG-20260709-000009_7717_Y26定制_03_品酒大师SUPER_分段封面.png,03_100164837228 张裕 九代解百纳 品酒大师super 干红葡萄酒 750ml 单瓶装 全2_00210690_cover.png,AG-IMG-20260709-000009_7717_Y26定制_03_品酒大师SUPER_分段封面.png,7717_Y26定制_03_品酒大师SUPER_分段封面,.png,.png,,1437683,,,,,,rename_only,unique
AG-IMG-20260709-000010,IMG,数字分身,模特,image,数字分身\模特\7717_Y26定制\分段封面\04_100164837194 张裕 品酒大师master 750ml6瓶箱装 全2_00207038_cover.png,数字分身\模特\7717_Y26定制\分段封面\AG-IMG-20260709-000010_7717_Y26定制_04_品酒大师MASTER_分段封面.png,04_100164837194 张裕 品酒大师master 750ml6瓶箱装 全2_00207038_cover.png,AG-IMG-20260709-000010_7717_Y26定制_04_品酒大师MASTER_分段封面.png,7717_Y26定制_04_品酒大师MASTER_分段封面,.png,.png,,1470083,,,,,,rename_only,unique
AG-IMG-20260709-000011,IMG,数字分身,模特,image,数字分身\模特\7717_Y26定制\分段封面\05_100164837226 张裕 九代解百纳 品酒大师pro 干红葡萄酒 750ml6瓶 整箱装 全00203310_cover.png,数字分身\模特\7717_Y26定制\分段封面\AG-IMG-20260709-000011_7717_Y26定制_05_品酒大师PRO_分段封面.png,05_100164837226 张裕 九代解百纳 品酒大师pro 干红葡萄酒 750ml6瓶 整箱装 全00203310_cover.png,AG-IMG-20260709-000011_7717_Y26定制_05_品酒大师PRO_分段封面.png,7717_Y26定制_05_品酒大师PRO_分段封面,.png,.png,,1450889,,,,,,rename_only,unique
AG-IMG-20260709-000012,IMG,数字分身,模特,image,数字分身\模特\7717_Y26定制\分段封面\06_100296507068 张裕 九代解百纳 品酒大师plus 干红葡萄酒 750ml6瓶 整箱装 全00199697_cover.png,数字分身\模特\7717_Y26定制\分段封面\AG-IMG-20260709-000012_7717_Y26定制_06_品酒大师PLUS_分段封面.png,06_100296507068 张裕 九代解百纳 品酒大师plus 干红葡萄酒 750ml6瓶 整箱装 全00199697_cover.png,AG-IMG-20260709-000012_7717_Y26定制_06_品酒大师PLUS_分段封面.png,7717_Y26定制_06_品酒大师PLUS_分段封面,.png,.png,,1459555,,,,,,rename_only,unique
AG-IMG-20260709-000013,IMG,数字分身,模特,image,数字分身\模特\7717_Y26定制\分段封面\07_100041192218 龙谕酒庄单一园赤霞珠干红葡萄酒750ml2礼盒装 全00195905_cover.png,数字分身\模特\7717_Y26定制\分段封面\AG-IMG-20260709-000013_7717_Y26定制_07_龙谕单一园_礼盒_分段封面.png,07_100041192218 龙谕酒庄单一园赤霞珠干红葡萄酒750ml2礼盒装 全00195905_cover.png,AG-IMG-20260709-000013_7717_Y26定制_07_龙谕单一园_礼盒_分段封面.png,7717_Y26定制_07_龙谕单一园_礼盒_分段封面,.png,.png,,1618981,,,,,,rename_only,unique
AG-IMG-20260709-000014,IMG,数字分身,模特,image,数字分身\模特\7717_Y26定制\分段封面\08_100029295263 龙谕 龙12 干红葡萄酒 750ml4瓶 整箱装 全00192759_cover.png,数字分身\模特\7717_Y26定制\分段封面\AG-IMG-20260709-000014_7717_Y26定制_08_龙谕龙12_分段封面.png,08_100029295263 龙谕 龙12 干红葡萄酒 750ml4瓶 整箱装 全00192759_cover.png,AG-IMG-20260709-000014_7717_Y26定制_08_龙谕龙12_分段封面.png,7717_Y26定制_08_龙谕龙12_分段封面,.png,.png,,1300063,,,,,,rename_only,unique
AG-IMG-20260709-000015,IMG,数字分身,模特,image,数字分身\模特\7717_Y26定制\分段封面\09_张裕通用口播00183859_cover.png,数字分身\模特\7717_Y26定制\分段封面\AG-IMG-20260709-000015_7717_Y26定制_09_张裕通用口播_分段封面.png,09_张裕通用口播00183859_cover.png,AG-IMG-20260709-000015_7717_Y26定制_09_张裕通用口播_分段封面.png,7717_Y26定制_09_张裕通用口播_分段封面,.png,.png,,1292012,,,,,,rename_only,unique
AG-IMG-20260709-000016,IMG,数字分身,模特,image,数字分身\模特\7717_Y26定制\分段封面\10_100029295221 龙谕 龙8 干红葡萄酒 750ml4瓶 整箱装 全2_00180000_cover.png,数字分身\模特\7717_Y26定制\分段封面\AG-IMG-20260709-000016_7717_Y26定制_10_龙谕龙8_分段封面.png,10_100029295221 龙谕 龙8 干红葡萄酒 750ml4瓶 整箱装 全2_00180000_cover.png,AG-IMG-20260709-000016_7717_Y26定制_10_龙谕龙8_分段封面.png,7717_Y26定制_10_龙谕龙8_分段封面,.png,.png,,1302961,,,,,,rename_only,unique
AG-IMG-20260709-000017,IMG,数字分身,模特,cover_image,数字分身\模特\7717_Y26定制\训练素材封面\00_1477321 张裕 多名利特选窖藏 干红葡萄酒 750ml6瓶 整箱装 赤霞珠 全00221834.mov_cover,数字分身\模特\7717_Y26定制\训练素材封面\AG-IMG-20260709-000017_7717_Y26定制_00_多名利特选窖藏_训练素材封面.png,00_1477321 张裕 多名利特选窖藏 干红葡萄酒 750ml6瓶 整箱装 赤霞珠 全00221834.mov_cover,AG-IMG-20260709-000017_7717_Y26定制_00_多名利特选窖藏_训练素材封面.png,7717_Y26定制_00_多名利特选窖藏_训练素材封面,.mov_cover,.png,,186727,,,,,,rename_only,unique
AG-IMG-20260709-000018,IMG,数字分身,模特,cover_image,数字分身\模特\7717_Y26定制\训练素材封面\01_100029935774 张裕 九代解百纳N158 干红葡萄酒 750ml2瓶 红酒礼盒 全00218094.mov_cover,数字分身\模特\7717_Y26定制\训练素材封面\AG-IMG-20260709-000018_7717_Y26定制_01_N158_礼盒_训练素材封面.png,01_100029935774 张裕 九代解百纳N158 干红葡萄酒 750ml2瓶 红酒礼盒 全00218094.mov_cover,AG-IMG-20260709-000018_7717_Y26定制_01_N158_礼盒_训练素材封面.png,7717_Y26定制_01_N158_礼盒_训练素材封面,.mov_cover,.png,,214096,,,,,,rename_only,unique
AG-IMG-20260709-000019,IMG,数字分身,模特,cover_image,数字分身\模特\7717_Y26定制\训练素材封面\02_100014757963 张裕 九代解百纳1937 干红葡萄酒 750ml6瓶 整箱装 全00214434.mov_cover,数字分身\模特\7717_Y26定制\训练素材封面\AG-IMG-20260709-000019_7717_Y26定制_02_解百纳1937_训练素材封面.png,02_100014757963 张裕 九代解百纳1937 干红葡萄酒 750ml6瓶 整箱装 全00214434.mov_cover,AG-IMG-20260709-000019_7717_Y26定制_02_解百纳1937_训练素材封面.png,7717_Y26定制_02_解百纳1937_训练素材封面,.mov_cover,.png,,186165,,,,,,rename_only,unique
AG-IMG-20260709-000020,IMG,数字分身,模特,cover_image,数字分身\模特\7717_Y26定制\训练素材封面\03_100164837228 张裕 九代解百纳 品酒大师super 干红葡萄酒 750ml 单瓶装 全2_00210690.mov_cover,数字分身\模特\7717_Y26定制\训练素材封面\AG-IMG-20260709-000020_7717_Y26定制_03_品酒大师SUPER_训练素材封面.png,03_100164837228 张裕 九代解百纳 品酒大师super 干红葡萄酒 750ml 单瓶装 全2_00210690.mov_cover,AG-IMG-20260709-000020_7717_Y26定制_03_品酒大师SUPER_训练素材封面.png,7717_Y26定制_03_品酒大师SUPER_训练素材封面,.mov_cover,.png,,182104,,,,,,rename_only,unique
AG-IMG-20260709-000021,IMG,数字分身,模特,cover_image,数字分身\模特\7717_Y26定制\训练素材封面\04_100164837194 张裕 品酒大师master 750ml6瓶箱装 全2_00207038.mov_cover,数字分身\模特\7717_Y26定制\训练素材封面\AG-IMG-20260709-000021_7717_Y26定制_04_品酒大师MASTER_训练素材封面.png,04_100164837194 张裕 品酒大师master 750ml6瓶箱装 全2_00207038.mov_cover,AG-IMG-20260709-000021_7717_Y26定制_04_品酒大师MASTER_训练素材封面.png,7717_Y26定制_04_品酒大师MASTER_训练素材封面,.mov_cover,.png,,185858,,,,,,rename_only,unique
AG-IMG-20260709-000022,IMG,数字分身,模特,cover_image,数字分身\模特\7717_Y26定制\训练素材封面\05_100164837226 张裕 九代解百纳 品酒大师pro 干红葡萄酒 750ml6瓶 整箱装 全00203310.mov_cover,数字分身\模特\7717_Y26定制\训练素材封面\AG-IMG-20260709-000022_7717_Y26定制_05_品酒大师PRO_训练素材封面.png,05_100164837226 张裕 九代解百纳 品酒大师pro 干红葡萄酒 750ml6瓶 整箱装 全00203310.mov_cover,AG-IMG-20260709-000022_7717_Y26定制_05_品酒大师PRO_训练素材封面.png,7717_Y26定制_05_品酒大师PRO_训练素材封面,.mov_cover,.png,,183757,,,,,,rename_only,unique
AG-IMG-20260709-000023,IMG,数字分身,模特,cover_image,数字分身\模特\7717_Y26定制\训练素材封面\06_100296507068 张裕 九代解百纳 品酒大师plus 干红葡萄酒 750ml6瓶 整箱装 全00199697.mov_cover,数字分身\模特\7717_Y26定制\训练素材封面\AG-IMG-20260709-000023_7717_Y26定制_06_品酒大师PLUS_训练素材封面.png,06_100296507068 张裕 九代解百纳 品酒大师plus 干红葡萄酒 750ml6瓶 整箱装 全00199697.mov_cover,AG-IMG-20260709-000023_7717_Y26定制_06_品酒大师PLUS_训练素材封面.png,7717_Y26定制_06_品酒大师PLUS_训练素材封面,.mov_cover,.png,,182385,,,,,,rename_only,unique
AG-IMG-20260709-000024,IMG,数字分身,模特,cover_image,数字分身\模特\7717_Y26定制\训练素材封面\07_100041192218 龙谕酒庄单一园赤霞珠干红葡萄酒750ml2礼盒装 全00195905.mov_cover,数字分身\模特\7717_Y26定制\训练素材封面\AG-IMG-20260709-000024_7717_Y26定制_07_龙谕单一园_礼盒_训练素材封面.png,07_100041192218 龙谕酒庄单一园赤霞珠干红葡萄酒750ml2礼盒装 全00195905.mov_cover,AG-IMG-20260709-000024_7717_Y26定制_07_龙谕单一园_礼盒_训练素材封面.png,7717_Y26定制_07_龙谕单一园_礼盒_训练素材封面,.mov_cover,.png,,196049,,,,,,rename_only,unique
AG-IMG-20260709-000025,IMG,数字分身,模特,cover_image,数字分身\模特\7717_Y26定制\训练素材封面\08_100029295263 龙谕 龙12 干红葡萄酒 750ml4瓶 整箱装 全00192759.mov_cover,数字分身\模特\7717_Y26定制\训练素材封面\AG-IMG-20260709-000025_7717_Y26定制_08_龙谕龙12_训练素材封面.png,08_100029295263 龙谕 龙12 干红葡萄酒 750ml4瓶 整箱装 全00192759.mov_cover,AG-IMG-20260709-000025_7717_Y26定制_08_龙谕龙12_训练素材封面.png,7717_Y26定制_08_龙谕龙12_训练素材封面,.mov_cover,.png,,190877,,,,,,rename_only,unique
AG-IMG-20260709-000026,IMG,数字分身,模特,cover_image,数字分身\模特\7717_Y26定制\训练素材封面\09_张裕通用口播00183859.mov_cover,数字分身\模特\7717_Y26定制\训练素材封面\AG-IMG-20260709-000026_7717_Y26定制_09_张裕通用口播_训练素材封面.png,09_张裕通用口播00183859.mov_cover,AG-IMG-20260709-000026_7717_Y26定制_09_张裕通用口播_训练素材封面.png,7717_Y26定制_09_张裕通用口播_训练素材封面,.mov_cover,.png,,172389,,,,,,rename_only,unique
AG-IMG-20260709-000027,IMG,数字分身,模特,cover_image,数字分身\模特\7717_Y26定制\训练素材封面\10_100029295221 龙谕 龙8 干红葡萄酒 750ml4瓶 整箱装 全2_00180000.mov_cover,数字分身\模特\7717_Y26定制\训练素材封面\AG-IMG-20260709-000027_7717_Y26定制_10_龙谕龙8_训练素材封面.png,10_100029295221 龙谕 龙8 干红葡萄酒 750ml4瓶 整箱装 全2_00180000.mov_cover,AG-IMG-20260709-000027_7717_Y26定制_10_龙谕龙8_训练素材封面.png,7717_Y26定制_10_龙谕龙8_训练素材封面,.mov_cover,.png,,181607,,,,,,rename_only,unique
AG-IMG-20260709-000028,IMG,数字分身,模特,image,数字分身\模特\8856_明月\8856_明月_cover_url.png,数字分身\模特\8856_明月\AG-IMG-20260709-000028_8856_明月_封面.png,8856_明月_cover_url.png,AG-IMG-20260709-000028_8856_明月_封面.png,8856_明月_封面,.png,.png,8856,1834311,274d54c4a4088a44d20df9d525a21adfeff87aca3a6e292a59ad62ca8ee5793a,DUP-003,3,4,数字分身\数字分身成品\40222_明月.png,rename_only,keep_primary_review_duplicate
AG-IMG-20260709-000029,IMG,数字分身,模特,image,数字分身\模特\8856_明月\分段封面\00_侧坐A_cover.png,数字分身\模特\8856_明月\分段封面\AG-IMG-20260709-000029_8856_明月_00_侧坐A_分段封面.png,00_侧坐A_cover.png,AG-IMG-20260709-000029_8856_明月_00_侧坐A_分段封面.png,8856_明月_00_侧坐A_分段封面,.png,.png,,1834311,274d54c4a4088a44d20df9d525a21adfeff87aca3a6e292a59ad62ca8ee5793a,DUP-003,4,4,数字分身\数字分身成品\40222_明月.png,rename_only,keep_primary_review_duplicate
AG-IMG-20260709-000030,IMG,数字分身,模特,image,数字分身\模特\8856_明月\分段封面\01_站右A_cover.png,数字分身\模特\8856_明月\分段封面\AG-IMG-20260709-000030_8856_明月_01_站右A_分段封面.png,01_站右A_cover.png,AG-IMG-20260709-000030_8856_明月_01_站右A_分段封面.png,8856_明月_01_站右A_分段封面,.png,.png,,1492674,,,,,,rename_only,unique
AG-IMG-20260709-000031,IMG,数字分身,模特,image,数字分身\模特\8856_明月\分段封面\02_站正面A_cover.png,数字分身\模特\8856_明月\分段封面\AG-IMG-20260709-000031_8856_明月_02_站正面A_分段封面.png,02_站正面A_cover.png,AG-IMG-20260709-000031_8856_明月_02_站正面A_分段封面.png,8856_明月_02_站正面A_分段封面,.png,.png,,1489211,,,,,,rename_only,unique
AG-IMG-20260709-000032,IMG,数字分身,模特,image,数字分身\模特\8856_明月\分段封面\03_站左A_cover.png,数字分身\模特\8856_明月\分段封面\AG-IMG-20260709-000032_8856_明月_03_站左A_分段封面.png,03_站左A_cover.png,AG-IMG-20260709-000032_8856_明月_03_站左A_分段封面.png,8856_明月_03_站左A_分段封面,.png,.png,,1470123,,,,,,rename_only,unique
AG-IMG-20260709-000033,IMG,数字分身,模特,image,数字分身\模特\8856_明月\分段封面\04_正坐A_cover.png,数字分身\模特\8856_明月\分段封面\AG-IMG-20260709-000033_8856_明月_04_正坐A_分段封面.png,04_正坐A_cover.png,AG-IMG-20260709-000033_8856_明月_04_正坐A_分段封面.png,8856_明月_04_正坐A_分段封面,.png,.png,,1872709,,,,,,rename_only,unique
AG-IMG-20260709-000034,IMG,数字分身,模特,cover_image,数字分身\模特\8856_明月\训练素材封面\00_侧坐A.mp4_cover,数字分身\模特\8856_明月\训练素材封面\AG-IMG-20260709-000034_8856_明月_00_侧坐A_训练素材封面.png,00_侧坐A.mp4_cover,AG-IMG-20260709-000034_8856_明月_00_侧坐A_训练素材封面.png,8856_明月_00_侧坐A_训练素材封面,.mp4_cover,.png,,134577,,,,,,rename_only,unique
AG-IMG-20260709-000035,IMG,数字分身,模特,cover_image,数字分身\模特\8856_明月\训练素材封面\01_站右A.mp4_cover,数字分身\模特\8856_明月\训练素材封面\AG-IMG-20260709-000035_8856_明月_01_站右A_训练素材封面.png,01_站右A.mp4_cover,AG-IMG-20260709-000035_8856_明月_01_站右A_训练素材封面.png,8856_明月_01_站右A_训练素材封面,.mp4_cover,.png,,188755,,,,,,rename_only,unique
AG-IMG-20260709-000036,IMG,数字分身,模特,cover_image,数字分身\模特\8856_明月\训练素材封面\02_站正面A.mp4_cover,数字分身\模特\8856_明月\训练素材封面\AG-IMG-20260709-000036_8856_明月_02_站正面A_训练素材封面.png,02_站正面A.mp4_cover,AG-IMG-20260709-000036_8856_明月_02_站正面A_训练素材封面.png,8856_明月_02_站正面A_训练素材封面,.mp4_cover,.png,,190271,,,,,,rename_only,unique
AG-IMG-20260709-000037,IMG,数字分身,模特,cover_image,数字分身\模特\8856_明月\训练素材封面\03_站左A.mp4_cover,数字分身\模特\8856_明月\训练素材封面\AG-IMG-20260709-000037_8856_明月_03_站左A_训练素材封面.png,03_站左A.mp4_cover,AG-IMG-20260709-000037_8856_明月_03_站左A_训练素材封面.png,8856_明月_03_站左A_训练素材封面,.mp4_cover,.png,,187863,,,,,,rename_only,unique
AG-IMG-20260709-000038,IMG,数字分身,模特,cover_image,数字分身\模特\8856_明月\训练素材封面\04_正坐A.mp4_cover,数字分身\模特\8856_明月\训练素材封面\AG-IMG-20260709-000038_8856_明月_04_正坐A_训练素材封面.png,04_正坐A.mp4_cover,AG-IMG-20260709-000038_8856_明月_04_正坐A_训练素材封面.png,8856_明月_04_正坐A_训练素材封面,.mp4_cover,.png,,132656,,,,,,rename_only,unique
AG-IMG-20260709-000039,IMG,数字分身,音色,image,数字分身\音色\3760_Y26音色\3760_Y26音色_cover_url.png,数字分身\音色\3760_Y26音色\AG-IMG-20260709-000039_3760_Y26音色_封面.png,3760_Y26音色_cover_url.png,AG-IMG-20260709-000039_3760_Y26音色_封面.png,3760_Y26音色_封面,.png,.png,3760,74374,fe96622e959203937749b18e595b15678ae0c02dc4c62be8cdc80a2a3e1adc3b,DUP-005,1,2,数字分身\音色\3760_Y26音色\3760_Y26音色_cover_url.png,rename_only,primary_of_duplicate_group
AG-IMG-20260709-000040,IMG,数字分身,音色,image,数字分身\音色\4224_明月（五抖官旗）\4224_明月（五抖官旗）_cover_url.png,数字分身\音色\4224_明月（五抖官旗）\AG-IMG-20260709-000040_4224_明月（五抖官旗）_封面.png,4224_明月（五抖官旗）_cover_url.png,AG-IMG-20260709-000040_4224_明月（五抖官旗）_封面.png,4224_明月（五抖官旗）_封面,.png,.png,4224,74374,fe96622e959203937749b18e595b15678ae0c02dc4c62be8cdc80a2a3e1adc3b,DUP-005,2,2,数字分身\音色\3760_Y26音色\3760_Y26音色_cover_url.png,rename_only,keep_primary_review_duplicate
AG-IMG-20260709-000041,IMG,模版,,image,模版\302_张裕618背景\302_张裕618背景_preview.png,模版\302_张裕618背景\AG-IMG-20260709-000041_模版_张裕618背景_preview.png,302_张裕618背景_preview.png,AG-IMG-20260709-000041_模版_张裕618背景_preview.png,模版_张裕618背景_preview,.png,.png,302,177162,,,,,,rename_only,unique
AG-IMG-20260709-000042,IMG,背景,,image,背景\37262_背景-3.png,背景\AG-IMG-20260709-000042_背景_背景-3.png,37262_背景-3.png,AG-IMG-20260709-000042_背景_背景-3.png,背景_背景-3,.png,.png,37262,901202,,,,,,rename_only,unique
AG-IMG-20260709-000043,IMG,背景,,image,背景\39112_直播.jpeg,背景\AG-IMG-20260709-000043_背景_直播.jpeg,39112_直播.jpeg,AG-IMG-20260709-000043_背景_直播.jpeg,背景_直播,.jpeg,.jpeg,39112,843040,,,,,,rename_only,unique
AG-IMG-20260709-000044,IMG,背景,,image,背景\39158_底背景.jpeg,背景\AG-IMG-20260709-000044_背景_底背景.jpeg,39158_底背景.jpeg,AG-IMG-20260709-000044_背景_底背景.jpeg,背景_底背景,.jpeg,.jpeg,39158,472921,,,,,,rename_only,unique
AG-IMG-20260709-000045,IMG,背景,,image,背景\40131_微信图片_20260618221607_11_15.jpeg,背景\AG-IMG-20260709-000045_背景_微信图片_20260618221607_11_15.jpeg,40131_微信图片_20260618221607_11_15.jpeg,AG-IMG-20260709-000045_背景_微信图片_20260618221607_11_15.jpeg,背景_微信图片_20260618221607_11_15,.jpeg,.jpeg,40131,1456578,,,,,,rename_only,unique
AG-IMG-20260709-000046,IMG,装饰,,image,装饰\37263_icon.png,装饰\AG-IMG-20260709-000046_装饰_icon.png,37263_icon.png,AG-IMG-20260709-000046_装饰_icon.png,装饰_icon,.png,.png,37263,19462,,,,,,rename_only,unique
AG-IMG-20260709-000047,IMG,装饰,,image,装饰\37264_张裕百年.png,装饰\AG-IMG-20260709-000047_装饰_张裕百年.png,37264_张裕百年.png,AG-IMG-20260709-000047_装饰_张裕百年.png,装饰_张裕百年,.png,.png,37264,9573,,,,,,rename_only,unique
AG-IMG-20260709-000048,IMG,装饰,,image,装饰\37265_logo.png,装饰\AG-IMG-20260709-000048_装饰_logo.png,37265_logo.png,AG-IMG-20260709-000048_装饰_logo.png,装饰_logo,.png,.png,37265,7411,,,,,,rename_only,unique
AG-IMG-20260709-000049,IMG,装饰,,image,装饰\37266_底图.png,装饰\AG-IMG-20260709-000049_装饰_底图.png,37266_底图.png,AG-IMG-20260709-000049_装饰_底图.png,装饰_底图,.png,.png,37266,6966,,,,,,rename_only,unique
AG-IMG-20260709-000050,IMG,装饰,,image,装饰\37267_gif-01.gif,装饰\AG-IMG-20260709-000050_装饰_gif-01.gif,37267_gif-01.gif,AG-IMG-20260709-000050_装饰_gif-01.gif,装饰_gif-01,.gif,.gif,37267,47393,,,,,,rename_only,unique
AG-IMG-20260709-000051,IMG,装饰,,image,装饰\37268_png.png,装饰\AG-IMG-20260709-000051_装饰_png.png,37268_png.png,AG-IMG-20260709-000051_装饰_png.png,装饰_png,.png,.png,37268,100022,,,,,,rename_only,unique
AG-IMG-20260709-000052,IMG,装饰,,image,装饰\37560_AI贴片黑.png,装饰\AG-IMG-20260709-000052_装饰_AI贴片黑.png,37560_AI贴片黑.png,AG-IMG-20260709-000052_装饰_AI贴片黑.png,装饰_AI贴片黑,.png,.png,37560,3965,,,,,,rename_only,unique
AG-IMG-20260709-000053,IMG,装饰,,image,装饰\37561_AI贴片白.png,装饰\AG-IMG-20260709-000053_装饰_AI贴片白.png,37561_AI贴片白.png,AG-IMG-20260709-000053_装饰_AI贴片白.png,装饰_AI贴片白,.png,.png,37561,3738,,,,,,rename_only,unique
AG-IMG-20260709-000054,IMG,装饰,,image,装饰\37562_抽奖GIF新.gif,装饰\AG-IMG-20260709-000054_装饰_抽奖GIF新.gif,37562_抽奖GIF新.gif,AG-IMG-20260709-000054_装饰_抽奖GIF新.gif,装饰_抽奖GIF新,.gif,.gif,37562,47568,,,,,,rename_only,unique
AG-IMG-20260709-000055,IMG,装饰,,image,装饰\39157_底.png,装饰\AG-IMG-20260709-000055_装饰_底.png,39157_底.png,AG-IMG-20260709-000055_装饰_底.png,装饰_底,.png,.png,39157,600893,b7b155c2bf61f84e636ae66a4ea61e2263978cb4fbed87c48f5a36931dd137b3,DUP-006,1,2,装饰\39157_底.png,rename_only,primary_of_duplicate_group
AG-IMG-20260709-000056,IMG,装饰,,image,装饰\39159_头部1.png,装饰\AG-IMG-20260709-000056_装饰_头部1.png,39159_头部1.png,AG-IMG-20260709-000056_装饰_头部1.png,装饰_头部1,.png,.png,39159,215782,c27718e6435262ba021e62592965e880ca3a9d0816e56d83692ae7a320ac1aa5,DUP-007,1,2,装饰\39159_头部1.png,rename_only,primary_of_duplicate_group
AG-IMG-20260709-000057,IMG,装饰,,image,装饰\39162_头部1.png,装饰\AG-IMG-20260709-000057_装饰_头部1.png,39162_头部1.png,AG-IMG-20260709-000057_装饰_头部1.png,装饰_头部1,.png,.png,39162,215782,c27718e6435262ba021e62592965e880ca3a9d0816e56d83692ae7a320ac1aa5,DUP-007,2,2,装饰\39159_头部1.png,rename_only,keep_primary_review_duplicate
AG-IMG-20260709-000058,IMG,装饰,,image,装饰\39163_底.png,装饰\AG-IMG-20260709-000058_装饰_底.png,39163_底.png,AG-IMG-20260709-000058_装饰_底.png,装饰_底,.png,.png,39163,600893,b7b155c2bf61f84e636ae66a4ea61e2263978cb4fbed87c48f5a36931dd137b3,DUP-006,2,2,装饰\39157_底.png,rename_only,keep_primary_review_duplicate
AG-IMG-20260709-000059,IMG,装饰,,image,装饰\39200_直播-前景.png,装饰\AG-IMG-20260709-000059_装饰_直播-前景.png,39200_直播-前景.png,AG-IMG-20260709-000059_装饰_直播-前景.png,装饰_直播-前景,.png,.png,39200,505248,,,,,,rename_only,unique
AG-IMG-20260709-000060,IMG,装饰,,image,装饰\39598_100029295227.png,装饰\AG-IMG-20260709-000060_装饰_100029295227.png,39598_100029295227.png,AG-IMG-20260709-000060_装饰_100029295227.png,装饰_100029295227,.png,.png,39598,193173,,,,,,rename_only,unique
AG-IMG-20260709-000061,IMG,装饰,,image,装饰\39605_100133684873--品酒大师(MASTER)单瓶-750ml.png,装饰\AG-IMG-20260709-000061_装饰_品酒大师MASTER_贴片.png,39605_100133684873--品酒大师(MASTER)单瓶-750ml.png,AG-IMG-20260709-000061_装饰_品酒大师MASTER_贴片.png,装饰_品酒大师MASTER_贴片,.png,.png,39605,176058,,,,,,rename_only,unique
AG-IMG-20260709-000062,IMG,装饰,,image,装饰\39894_plus.png,装饰\AG-IMG-20260709-000062_装饰_品酒大师PLUS_贴片.png,39894_plus.png,AG-IMG-20260709-000062_装饰_品酒大师PLUS_贴片.png,装饰_品酒大师PLUS_贴片,.png,.png,39894,230193,a348ed6096fe313b51ebefe3efefab1438669a226220914d4cdd276702e96f7c,DUP-008,1,2,装饰\39894_plus.png,rename_only,primary_of_duplicate_group
AG-IMG-20260709-000063,IMG,装饰,,image,装饰\39895_plus.png,装饰\AG-IMG-20260709-000063_装饰_品酒大师PLUS_贴片.png,39895_plus.png,AG-IMG-20260709-000063_装饰_品酒大师PLUS_贴片.png,装饰_品酒大师PLUS_贴片,.png,.png,39895,230193,a348ed6096fe313b51ebefe3efefab1438669a226220914d4cdd276702e96f7c,DUP-008,2,2,装饰\39894_plus.png,rename_only,keep_primary_review_duplicate
AG-IMG-20260709-000064,IMG,装饰,,image,装饰\40100_前景.png,装饰\AG-IMG-20260709-000064_装饰_前景.png,40100_前景.png,AG-IMG-20260709-000064_装饰_前景.png,装饰_前景,.png,.png,40100,290676,,,,,,rename_only,unique
AG-IMG-20260709-000065,IMG,装饰,,image,装饰\40101_标题+logo.png,装饰\AG-IMG-20260709-000065_装饰_标题+logo.png,40101_标题+logo.png,AG-IMG-20260709-000065_装饰_标题+logo.png,装饰_标题+logo,.png,.png,40101,614708,,,,,,rename_only,unique
AG-IMG-20260709-000066,IMG,装饰,,image,装饰\40103_转盘动图.gif,装饰\AG-IMG-20260709-000066_装饰_转盘动图.gif,40103_转盘动图.gif,AG-IMG-20260709-000066_装饰_转盘动图.gif,装饰_转盘动图,.gif,.gif,40103,53898,,,,,,rename_only,unique
AG-IMG-20260709-000067,IMG,装饰,,image,装饰\40104_张裕买赠.png,装饰\AG-IMG-20260709-000067_装饰_张裕买赠.png,40104_张裕买赠.png,AG-IMG-20260709-000067_装饰_张裕买赠.png,装饰_张裕买赠,.png,.png,40104,131443,,,,,,rename_only,unique
AG-IMG-20260709-000068,IMG,装饰,,image,装饰\40105_标题动图-6088.gif,装饰\AG-IMG-20260709-000068_装饰_标题动图-6088.gif,40105_标题动图-6088.gif,AG-IMG-20260709-000068_装饰_标题动图-6088.gif,装饰_标题动图-6088,.gif,.gif,40105,24484787,,,,,,rename_only,unique
AG-IMG-20260709-000069,IMG,装饰,,image,装饰\40999_品酒大师(PRO）.png,装饰\AG-IMG-20260709-000069_装饰_品酒大师PRO_贴片.png,40999_品酒大师(PRO）.png,AG-IMG-20260709-000069_装饰_品酒大师PRO_贴片.png,装饰_品酒大师PRO_贴片,.png,.png,40999,162727,,,,,,rename_only,unique
AG-IMG-20260709-000070,IMG,装饰,,image,装饰\41000_礼盒.png,装饰\AG-IMG-20260709-000070_装饰_礼盒.png,41000_礼盒.png,AG-IMG-20260709-000070_装饰_礼盒.png,装饰_礼盒,.png,.png,41000,457661,,,,,,rename_only,unique
AG-IMG-20260709-000071,IMG,装饰,,image,装饰\41018_6月29日 (1)-7682.gif,装饰\AG-IMG-20260709-000071_装饰_6月29日(1)-7682.gif,41018_6月29日 (1)-7682.gif,AG-IMG-20260709-000071_装饰_6月29日(1)-7682.gif,装饰_6月29日(1)-7682,.gif,.gif,41018,49154721,,,,,,rename_only,unique
AG-VID-20260709-000001,VID,数字分身,数字分身成品,video,数字分身\数字分身成品\37200_张裕定制形象260519\37200_张裕定制形象260519_preview_video.mp4,数字分身\数字分身成品\37200_张裕定制形象260519\AG-VID-20260709-000001_37200_张裕定制形象260519_预览视频.mp4,37200_张裕定制形象260519_preview_video.mp4,AG-VID-20260709-000001_37200_张裕定制形象260519_预览视频.mp4,37200_张裕定制形象260519_预览视频,.mp4,.mp4,37200,2242608,276cf56baad5dc446b67f8c4cab501cffaba866c1993a6d066a921ebec8f51a9,DUP-002,1,2,数字分身\数字分身成品\37200_张裕定制形象260519\37200_张裕定制形象260519_preview_video.mp4,rename_only,primary_of_duplicate_group
AG-VID-20260709-000002,VID,数字分身,数字分身成品,video,数字分身\数字分身成品\37200_张裕定制形象260519_preview_video.mp4,数字分身\数字分身成品\AG-VID-20260709-000002_37200_张裕定制形象260519_预览视频.mp4,37200_张裕定制形象260519_preview_video.mp4,AG-VID-20260709-000002_37200_张裕定制形象260519_预览视频.mp4,37200_张裕定制形象260519_预览视频,.mp4,.mp4,37200,2242608,276cf56baad5dc446b67f8c4cab501cffaba866c1993a6d066a921ebec8f51a9,DUP-002,2,2,数字分身\数字分身成品\37200_张裕定制形象260519\37200_张裕定制形象260519_preview_video.mp4,rename_only,keep_primary_review_duplicate
AG-VID-20260709-000003,VID,数字分身,数字分身成品,video,数字分身\数字分身成品\40222_明月\40222_明月_preview_video.mp4,数字分身\数字分身成品\40222_明月\AG-VID-20260709-000003_40222_明月_预览视频.mp4,40222_明月_preview_video.mp4,AG-VID-20260709-000003_40222_明月_预览视频.mp4,40222_明月_预览视频,.mp4,.mp4,40222,2903301,e11da9d2c8c9371a33fc6d7246bd3ebb11b76f5eec51bbeaef19cc495a97b298,DUP-004,1,2,数字分身\数字分身成品\40222_明月\40222_明月_preview_video.mp4,rename_only,primary_of_duplicate_group
AG-VID-20260709-000004,VID,数字分身,数字分身成品,video,数字分身\数字分身成品\40222_明月_preview_video.mp4,数字分身\数字分身成品\AG-VID-20260709-000004_40222_明月_预览视频.mp4,40222_明月_preview_video.mp4,AG-VID-20260709-000004_40222_明月_预览视频.mp4,40222_明月_预览视频,.mp4,.mp4,40222,2903301,e11da9d2c8c9371a33fc6d7246bd3ebb11b76f5eec51bbeaef19cc495a97b298,DUP-004,2,2,数字分身\数字分身成品\40222_明月\40222_明月_preview_video.mp4,rename_only,keep_primary_review_duplicate
AG-VID-20260709-000005,VID,数字分身,模特,video,数字分身\模特\7717_Y26定制\7717_Y26定制_full_preview_video.mp4,数字分身\模特\7717_Y26定制\AG-VID-20260709-000005_7717_Y26定制_完整预览视频.mp4,7717_Y26定制_full_preview_video.mp4,AG-VID-20260709-000005_7717_Y26定制_完整预览视频.mp4,7717_Y26定制_完整预览视频,.mp4,.mp4,7717,465825418,,,,,,rename_only,unique
AG-VID-20260709-000006,VID,数字分身,模特,video,数字分身\模特\7717_Y26定制\7717_Y26定制_lip_comparison_video.mp4,数字分身\模特\7717_Y26定制\AG-VID-20260709-000006_7717_Y26定制_口型对比视频.mp4,7717_Y26定制_lip_comparison_video.mp4,AG-VID-20260709-000006_7717_Y26定制_口型对比视频.mp4,7717_Y26定制_口型对比视频,.mp4,.mp4,7717,123211940,,,,,,rename_only,unique
AG-VID-20260709-000007,VID,数字分身,模特,video,数字分身\模特\7717_Y26定制\7717_Y26定制_preview_video.mp4,数字分身\模特\7717_Y26定制\AG-VID-20260709-000007_7717_Y26定制_预览视频.mp4,7717_Y26定制_preview_video.mp4,AG-VID-20260709-000007_7717_Y26定制_预览视频.mp4,7717_Y26定制_预览视频,.mp4,.mp4,7717,1349787,,,,,,rename_only,unique
AG-VID-20260709-000008,VID,数字分身,模特,video,数字分身\模特\7717_Y26定制\7717_Y26定制_training_material.mp4,数字分身\模特\7717_Y26定制\AG-VID-20260709-000008_7717_Y26定制_训练合成视频.mp4,7717_Y26定制_training_material.mp4,AG-VID-20260709-000008_7717_Y26定制_训练合成视频.mp4,7717_Y26定制_训练合成视频,.mp4,.mp4,7717,911867024,,,,,,rename_only,unique
AG-VID-20260709-000009,VID,数字分身,模特,video,数字分身\模特\7717_Y26定制\训练素材\00_1477321 张裕 多名利特选窖藏 干红葡萄酒 750ml6瓶 整箱装 赤霞珠 全00221834.mov,数字分身\模特\7717_Y26定制\训练素材\AG-VID-20260709-000009_7717_Y26定制_00_多名利特选窖藏_训练素材.mov,00_1477321 张裕 多名利特选窖藏 干红葡萄酒 750ml6瓶 整箱装 赤霞珠 全00221834.mov,AG-VID-20260709-000009_7717_Y26定制_00_多名利特选窖藏_训练素材.mov,7717_Y26定制_00_多名利特选窖藏_训练素材,.mov,.mov,,997181449,,,,,,rename_only,unique
AG-VID-20260709-000010,VID,数字分身,模特,video,数字分身\模特\7717_Y26定制\训练素材\01_100029935774 张裕 九代解百纳N158 干红葡萄酒 750ml2瓶 红酒礼盒 全00218094.mov,数字分身\模特\7717_Y26定制\训练素材\AG-VID-20260709-000010_7717_Y26定制_01_N158_礼盒_训练素材.mov,01_100029935774 张裕 九代解百纳N158 干红葡萄酒 750ml2瓶 红酒礼盒 全00218094.mov,AG-VID-20260709-000010_7717_Y26定制_01_N158_礼盒_训练素材.mov,7717_Y26定制_01_N158_礼盒_训练素材,.mov,.mov,,1126716087,,,,,,rename_only,unique
AG-VID-20260709-000011,VID,数字分身,模特,video,数字分身\模特\7717_Y26定制\训练素材\02_100014757963 张裕 九代解百纳1937 干红葡萄酒 750ml6瓶 整箱装 全00214434.mov,数字分身\模特\7717_Y26定制\训练素材\AG-VID-20260709-000011_7717_Y26定制_02_解百纳1937_训练素材.mov,02_100014757963 张裕 九代解百纳1937 干红葡萄酒 750ml6瓶 整箱装 全00214434.mov,AG-VID-20260709-000011_7717_Y26定制_02_解百纳1937_训练素材.mov,7717_Y26定制_02_解百纳1937_训练素材,.mov,.mov,,1103402932,,,,,,rename_only,unique
AG-VID-20260709-000012,VID,数字分身,模特,video,数字分身\模特\7717_Y26定制\训练素材\03_100164837228 张裕 九代解百纳 品酒大师super 干红葡萄酒 750ml 单瓶装 全2_00210690.mov,数字分身\模特\7717_Y26定制\训练素材\AG-VID-20260709-000012_7717_Y26定制_03_品酒大师SUPER_训练素材.mov,03_100164837228 张裕 九代解百纳 品酒大师super 干红葡萄酒 750ml 单瓶装 全2_00210690.mov,AG-VID-20260709-000012_7717_Y26定制_03_品酒大师SUPER_训练素材.mov,7717_Y26定制_03_品酒大师SUPER_训练素材,.mov,.mov,,1128009864,,,,,,rename_only,unique
AG-VID-20260709-000013,VID,数字分身,模特,video,数字分身\模特\7717_Y26定制\训练素材\04_100164837194 张裕 品酒大师master 750ml6瓶箱装 全2_00207038.mov,数字分身\模特\7717_Y26定制\训练素材\AG-VID-20260709-000013_7717_Y26定制_04_品酒大师MASTER_训练素材.mov,04_100164837194 张裕 品酒大师master 750ml6瓶箱装 全2_00207038.mov,AG-VID-20260709-000013_7717_Y26定制_04_品酒大师MASTER_训练素材.mov,7717_Y26定制_04_品酒大师MASTER_训练素材,.mov,.mov,,1100980882,,,,,,rename_only,unique
AG-VID-20260709-000014,VID,数字分身,模特,video,数字分身\模特\7717_Y26定制\训练素材\05_100164837226 张裕 九代解百纳 品酒大师pro 干红葡萄酒 750ml6瓶 整箱装 全00203310.mov,数字分身\模特\7717_Y26定制\训练素材\AG-VID-20260709-000014_7717_Y26定制_05_品酒大师PRO_训练素材.mov,05_100164837226 张裕 九代解百纳 品酒大师pro 干红葡萄酒 750ml6瓶 整箱装 全00203310.mov,AG-VID-20260709-000014_7717_Y26定制_05_品酒大师PRO_训练素材.mov,7717_Y26定制_05_品酒大师PRO_训练素材,.mov,.mov,,1123430302,,,,,,rename_only,unique
AG-VID-20260709-000015,VID,数字分身,模特,video,数字分身\模特\7717_Y26定制\训练素材\06_100296507068 张裕 九代解百纳 品酒大师plus 干红葡萄酒 750ml6瓶 整箱装 全00199697.mov,数字分身\模特\7717_Y26定制\训练素材\AG-VID-20260709-000015_7717_Y26定制_06_品酒大师PLUS_训练素材.mov,06_100296507068 张裕 九代解百纳 品酒大师plus 干红葡萄酒 750ml6瓶 整箱装 全00199697.mov,AG-VID-20260709-000015_7717_Y26定制_06_品酒大师PLUS_训练素材.mov,7717_Y26定制_06_品酒大师PLUS_训练素材,.mov,.mov,,1088811449,,,,,,rename_only,unique
AG-VID-20260709-000016,VID,数字分身,模特,video,数字分身\模特\7717_Y26定制\训练素材\07_100041192218 龙谕酒庄单一园赤霞珠干红葡萄酒750ml2礼盒装 全00195905.mov,数字分身\模特\7717_Y26定制\训练素材\AG-VID-20260709-000016_7717_Y26定制_07_龙谕单一园_礼盒_训练素材.mov,07_100041192218 龙谕酒庄单一园赤霞珠干红葡萄酒750ml2礼盒装 全00195905.mov,AG-VID-20260709-000016_7717_Y26定制_07_龙谕单一园_礼盒_训练素材.mov,7717_Y26定制_07_龙谕单一园_礼盒_训练素材,.mov,.mov,,1142965153,,,,,,rename_only,unique
AG-VID-20260709-000017,VID,数字分身,模特,video,数字分身\模特\7717_Y26定制\训练素材\08_100029295263 龙谕 龙12 干红葡萄酒 750ml4瓶 整箱装 全00192759.mov,数字分身\模特\7717_Y26定制\训练素材\AG-VID-20260709-000017_7717_Y26定制_08_龙谕龙12_训练素材.mov,08_100029295263 龙谕 龙12 干红葡萄酒 750ml4瓶 整箱装 全00192759.mov,AG-VID-20260709-000017_7717_Y26定制_08_龙谕龙12_训练素材.mov,7717_Y26定制_08_龙谕龙12_训练素材,.mov,.mov,,948379356,,,,,,rename_only,unique
AG-VID-20260709-000018,VID,数字分身,模特,video,数字分身\模特\7717_Y26定制\训练素材\09_张裕通用口播00183859.mov,数字分身\模特\7717_Y26定制\训练素材\AG-VID-20260709-000018_7717_Y26定制_09_张裕通用口播_训练素材.mov,09_张裕通用口播00183859.mov,AG-VID-20260709-000018_7717_Y26定制_09_张裕通用口播_训练素材.mov,7717_Y26定制_09_张裕通用口播_训练素材,.mov,.mov,,2677321593,,,,,,rename_only,unique
AG-VID-20260709-000019,VID,数字分身,模特,video,数字分身\模特\7717_Y26定制\训练素材\10_100029295221 龙谕 龙8 干红葡萄酒 750ml4瓶 整箱装 全2_00180000.mov,数字分身\模特\7717_Y26定制\训练素材\AG-VID-20260709-000019_7717_Y26定制_10_龙谕龙8_训练素材.mov,10_100029295221 龙谕 龙8 干红葡萄酒 750ml4瓶 整箱装 全2_00180000.mov,AG-VID-20260709-000019_7717_Y26定制_10_龙谕龙8_训练素材.mov,7717_Y26定制_10_龙谕龙8_训练素材,.mov,.mov,,1162678870,,,,,,rename_only,unique
AG-VID-20260709-000020,VID,数字分身,模特,video,数字分身\模特\8856_明月\8856_明月_full_preview_video.mp4,数字分身\模特\8856_明月\AG-VID-20260709-000020_8856_明月_完整预览视频.mp4,8856_明月_full_preview_video.mp4,AG-VID-20260709-000020_8856_明月_完整预览视频.mp4,8856_明月_完整预览视频,.mp4,.mp4,8856,378743798,,,,,,rename_only,unique
AG-VID-20260709-000021,VID,数字分身,模特,video,数字分身\模特\8856_明月\8856_明月_lip_comparison_video.mp4,数字分身\模特\8856_明月\AG-VID-20260709-000021_8856_明月_口型对比视频.mp4,8856_明月_lip_comparison_video.mp4,AG-VID-20260709-000021_8856_明月_口型对比视频.mp4,8856_明月_口型对比视频,.mp4,.mp4,8856,120022236,,,,,,rename_only,unique
AG-VID-20260709-000022,VID,数字分身,模特,video,数字分身\模特\8856_明月\8856_明月_preview_video.mp4,数字分身\模特\8856_明月\AG-VID-20260709-000022_8856_明月_预览视频.mp4,8856_明月_preview_video.mp4,AG-VID-20260709-000022_8856_明月_预览视频.mp4,8856_明月_预览视频,.mp4,.mp4,8856,1735147,,,,,,rename_only,unique
AG-VID-20260709-000023,VID,数字分身,模特,video,数字分身\模特\8856_明月\8856_明月_training_material.mp4,数字分身\模特\8856_明月\AG-VID-20260709-000023_8856_明月_训练合成视频.mp4,8856_明月_training_material.mp4,AG-VID-20260709-000023_8856_明月_训练合成视频.mp4,8856_明月_训练合成视频,.mp4,.mp4,8856,731976155,,,,,,rename_only,unique
AG-VID-20260709-000024,VID,数字分身,模特,video,数字分身\模特\8856_明月\训练素材\00_侧坐A.mp4,数字分身\模特\8856_明月\训练素材\AG-VID-20260709-000024_8856_明月_00_侧坐A_训练素材.mp4,00_侧坐A.mp4,AG-VID-20260709-000024_8856_明月_00_侧坐A_训练素材.mp4,8856_明月_00_侧坐A_训练素材,.mp4,.mp4,,895726331,,,,,,rename_only,unique
AG-VID-20260709-000025,VID,数字分身,模特,video,数字分身\模特\8856_明月\训练素材\01_站右A.mp4,数字分身\模特\8856_明月\训练素材\AG-VID-20260709-000025_8856_明月_01_站右A_训练素材.mp4,01_站右A.mp4,AG-VID-20260709-000025_8856_明月_01_站右A_训练素材.mp4,8856_明月_01_站右A_训练素材,.mp4,.mp4,,924835039,,,,,,rename_only,unique
AG-VID-20260709-000026,VID,数字分身,模特,video,数字分身\模特\8856_明月\训练素材\02_站正面A.mp4,数字分身\模特\8856_明月\训练素材\AG-VID-20260709-000026_8856_明月_02_站正面A_训练素材.mp4,02_站正面A.mp4,AG-VID-20260709-000026_8856_明月_02_站正面A_训练素材.mp4,8856_明月_02_站正面A_训练素材,.mp4,.mp4,,910478981,,,,,,rename_only,unique
AG-VID-20260709-000027,VID,数字分身,模特,video,数字分身\模特\8856_明月\训练素材\03_站左A.mp4,数字分身\模特\8856_明月\训练素材\AG-VID-20260709-000027_8856_明月_03_站左A_训练素材.mp4,03_站左A.mp4,AG-VID-20260709-000027_8856_明月_03_站左A_训练素材.mp4,8856_明月_03_站左A_训练素材,.mp4,.mp4,,911397454,,,,,,rename_only,unique
AG-VID-20260709-000028,VID,数字分身,模特,video,数字分身\模特\8856_明月\训练素材\04_正坐A.mp4,数字分身\模特\8856_明月\训练素材\AG-VID-20260709-000028_8856_明月_04_正坐A_训练素材.mp4,04_正坐A.mp4,AG-VID-20260709-000028_8856_明月_04_正坐A_训练素材.mp4,8856_明月_04_正坐A_训练素材,.mp4,.mp4,,720087932,,,,,,rename_only,unique
AG-VID-20260709-000029,VID,视频,,video,视频\37251_100029295221 龙8 礼盒开箱-380.mov,视频\AG-VID-20260709-000029_视频_龙谕龙8_开箱.mov,37251_100029295221 龙8 礼盒开箱-380.mov,AG-VID-20260709-000029_视频_龙谕龙8_开箱.mov,视频_龙谕龙8_开箱,.mov,.mov,37251,443888644,,,,,,rename_only,unique
AG-VID-20260709-000030,VID,视频,,video,视频\37254_1477321 张裕 多名利特选窖藏 整体-7212.mov,视频\AG-VID-20260709-000030_视频_多名利特选窖藏_整体.mov,37254_1477321 张裕 多名利特选窖藏 整体-7212.mov,AG-VID-20260709-000030_视频_多名利特选窖藏_整体.mov,视频_多名利特选窖藏_整体,.mov,.mov,37254,602358928,,,,,,rename_only,unique
AG-VID-20260709-000031,VID,视频,,video,视频\37256_100014757963 张裕 九代解百纳1937 整体-5836.mov,视频\AG-VID-20260709-000031_视频_解百纳1937_整体.mov,37256_100014757963 张裕 九代解百纳1937 整体-5836.mov,AG-VID-20260709-000031_视频_解百纳1937_整体.mov,视频_解百纳1937_整体,.mov,.mov,37256,595334803,,,,,,rename_only,unique
AG-VID-20260709-000032,VID,视频,,video,视频\37257_100029295263 龙12 整体-5899.mov,视频\AG-VID-20260709-000032_视频_龙谕龙12_整体.mov,37257_100029295263 龙12 整体-5899.mov,AG-VID-20260709-000032_视频_龙谕龙12_整体.mov,视频_龙谕龙12_整体,.mov,.mov,37257,256036443,,,,,,rename_only,unique
AG-VID-20260709-000033,VID,视频,,video,视频\37258_100029295263 龙12酒体-6360.mov,视频\AG-VID-20260709-000033_视频_龙谕龙12_酒体.mov,37258_100029295263 龙12酒体-6360.mov,AG-VID-20260709-000033_视频_龙谕龙12_酒体.mov,视频_龙谕龙12_酒体,.mov,.mov,37258,461383027,,,,,,rename_only,unique
AG-VID-20260709-000034,VID,视频,,video,视频\37318_100029295221 龙谕 龙8 酒体-8228.mov,视频\AG-VID-20260709-000034_视频_龙谕龙8_酒体.mov,37318_100029295221 龙谕 龙8 酒体-8228.mov,AG-VID-20260709-000034_视频_龙谕龙8_酒体.mov,视频_龙谕龙8_酒体,.mov,.mov,37318,629655796,,,,,,rename_only,unique
AG-VID-20260709-000035,VID,视频,,video,视频\37319_100029295263 龙谕 龙12 开箱-836.mov,视频\AG-VID-20260709-000035_视频_龙谕龙12_开箱.mov,37319_100029295263 龙谕 龙12 开箱-836.mov,AG-VID-20260709-000035_视频_龙谕龙12_开箱.mov,视频_龙谕龙12_开箱,.mov,.mov,37319,427269157,,,,,,rename_only,unique
AG-VID-20260709-000036,VID,视频,,video,视频\37321_100041192218 龙谕酒庄单一园酒体-2652.mov,视频\AG-VID-20260709-000036_视频_龙谕单一园_酒体.mov,37321_100041192218 龙谕酒庄单一园酒体-2652.mov,AG-VID-20260709-000036_视频_龙谕单一园_酒体.mov,视频_龙谕单一园_酒体,.mov,.mov,37321,396944745,,,,,,rename_only,unique
AG-VID-20260709-000037,VID,视频,,video,视频\37322_100029295221 龙谕 龙8 整体-8446.mov,视频\AG-VID-20260709-000037_视频_龙谕龙8_整体.mov,37322_100029295221 龙谕 龙8 整体-8446.mov,AG-VID-20260709-000037_视频_龙谕龙8_整体.mov,视频_龙谕龙8_整体,.mov,.mov,37322,132443361,,,,,,rename_only,unique
AG-VID-20260709-000038,VID,视频,,video,视频\37342_100296507068 张裕 九代解百纳 品酒大师plus 整体-9504.mov,视频\AG-VID-20260709-000038_视频_品酒大师PLUS_整体.mov,37342_100296507068 张裕 九代解百纳 品酒大师plus 整体-9504.mov,AG-VID-20260709-000038_视频_品酒大师PLUS_整体.mov,视频_品酒大师PLUS_整体,.mov,.mov,37342,227747761,,,,,,rename_only,unique
AG-VID-20260709-000039,VID,视频,,video,视频\37343_100296507068 张裕 九代解百纳 品酒大师plus 酒体-4101.mov,视频\AG-VID-20260709-000039_视频_品酒大师PLUS_酒体.mov,37343_100296507068 张裕 九代解百纳 品酒大师plus 酒体-4101.mov,AG-VID-20260709-000039_视频_品酒大师PLUS_酒体.mov,视频_品酒大师PLUS_酒体,.mov,.mov,37343,584342699,,,,,,rename_only,unique
AG-VID-20260709-000040,VID,视频,,video,视频\37344_100164837228 张裕 九代解百纳 品酒大师super 整体-7124.MOV,视频\AG-VID-20260709-000040_视频_品酒大师SUPER_整体.mov,37344_100164837228 张裕 九代解百纳 品酒大师super 整体-7124.MOV,AG-VID-20260709-000040_视频_品酒大师SUPER_整体.mov,视频_品酒大师SUPER_整体,.mov,.mov,37344,216201333,,,,,,rename_only,unique
AG-VID-20260709-000041,VID,视频,,video,视频\37345_100029935774 张裕 九代解百纳N158开箱-7110.mov,视频\AG-VID-20260709-000041_视频_N158_开箱.mov,37345_100029935774 张裕 九代解百纳N158开箱-7110.mov,AG-VID-20260709-000041_视频_N158_开箱.mov,视频_N158_开箱,.mov,.mov,37345,217100566,,,,,,rename_only,unique
AG-VID-20260709-000042,VID,视频,,video,视频\37346_100164837228 张裕 九代解百纳 品酒大师super 酒体-4925.MOV,视频\AG-VID-20260709-000042_视频_品酒大师SUPER_酒体.mov,37346_100164837228 张裕 九代解百纳 品酒大师super 酒体-4925.MOV,AG-VID-20260709-000042_视频_品酒大师SUPER_酒体.mov,视频_品酒大师SUPER_酒体,.mov,.mov,37346,496016261,,,,,,rename_only,unique
AG-VID-20260709-000043,VID,视频,,video,视频\37347_100164837228 张裕 九代解百纳 品酒大师super 开箱展示-7240.MOV,视频\AG-VID-20260709-000043_视频_品酒大师SUPER_开箱.mov,37347_100164837228 张裕 九代解百纳 品酒大师super 开箱展示-7240.MOV,AG-VID-20260709-000043_视频_品酒大师SUPER_开箱.mov,视频_品酒大师SUPER_开箱,.mov,.mov,37347,503229788,,,,,,rename_only,unique
AG-VID-20260709-000044,VID,视频,,video,视频\37348_100164837226 张裕 九代解百纳 品酒大师pro 酒体-2833.mov,视频\AG-VID-20260709-000044_视频_品酒大师PRO_酒体.mov,37348_100164837226 张裕 九代解百纳 品酒大师pro 酒体-2833.mov,AG-VID-20260709-000044_视频_品酒大师PRO_酒体.mov,视频_品酒大师PRO_酒体,.mov,.mov,37348,585074454,,,,,,rename_only,unique
AG-VID-20260709-000045,VID,视频,,video,视频\37349_100164837194 张裕 品酒大师master 整体-4647.mov,视频\AG-VID-20260709-000045_视频_品酒大师MASTER_整体.mov,37349_100164837194 张裕 品酒大师master 整体-4647.mov,AG-VID-20260709-000045_视频_品酒大师MASTER_整体.mov,视频_品酒大师MASTER_整体,.mov,.mov,37349,123760101,,,,,,rename_only,unique
AG-VID-20260709-000046,VID,视频,,video,视频\37350_100014757963 张裕 九代解百纳1937-5469.mov,视频\AG-VID-20260709-000046_视频_解百纳1937.mov,37350_100014757963 张裕 九代解百纳1937-5469.mov,AG-VID-20260709-000046_视频_解百纳1937.mov,视频_解百纳1937,.mov,.mov,37350,156184038,,,,,,rename_only,unique
AG-VID-20260709-000047,VID,视频,,video,视频\37351_100029935774 张裕 九代解百纳N158 酒体-889.mov,视频\AG-VID-20260709-000047_视频_N158_酒体.mov,37351_100029935774 张裕 九代解百纳N158 酒体-889.mov,AG-VID-20260709-000047_视频_N158_酒体.mov,视频_N158_酒体,.mov,.mov,37351,138001894,,,,,,rename_only,unique
AG-VID-20260709-000048,VID,视频,,video,视频\37384_100041192218 龙谕酒庄单一园开箱-4140.mov,视频\AG-VID-20260709-000048_视频_龙谕单一园_开箱.mov,37384_100041192218 龙谕酒庄单一园开箱-4140.mov,AG-VID-20260709-000048_视频_龙谕单一园_开箱.mov,视频_龙谕单一园_开箱,.mov,.mov,37384,110239206,,,,,,rename_only,unique
AG-VID-20260709-000049,VID,视频,,video,视频\39780_Timeline 1-4699.mov,视频\AG-VID-20260709-000049_视频_Timeline1-4699.mov,39780_Timeline 1-4699.mov,AG-VID-20260709-000049_视频_Timeline1-4699.mov,视频_Timeline1-4699,.mov,.mov,39780,33873687,,,,,,rename_only,unique
AG-VID-20260709-000050,VID,视频,,video,视频\40725_6月25日-3436.mov,视频\AG-VID-20260709-000050_视频_6月25日-3436.mov,40725_6月25日-3436.mov,AG-VID-20260709-000050_视频_6月25日-3436.mov,视频_6月25日-3436,.mov,.mov,40725,246988260,,,,,,rename_only,unique
AG-VID-20260709-000051,VID,视频,,video,视频\40773_master-2849.mp4,视频\AG-VID-20260709-000051_视频_品酒大师MASTER.mp4,40773_master-2849.mp4,AG-VID-20260709-000051_视频_品酒大师MASTER.mp4,视频_品酒大师MASTER,.mp4,.mp4,40773,12867635,,,,,,rename_only,unique
AG-VID-20260709-000052,VID,视频,,video,视频\40774_pro-6765.mp4,视频\AG-VID-20260709-000052_视频_品酒大师PRO.mp4,40774_pro-6765.mp4,AG-VID-20260709-000052_视频_品酒大师PRO.mp4,视频_品酒大师PRO,.mp4,.mp4,40774,13847586,,,,,,rename_only,unique
AG-VID-20260709-000053,VID,视频,,video,视频\40775_plus-8396.mp4,视频\AG-VID-20260709-000053_视频_品酒大师PLUS.mp4,40775_plus-8396.mp4,AG-VID-20260709-000053_视频_品酒大师PLUS.mp4,视频_品酒大师PLUS,.mp4,.mp4,40775,28633274,,,,,,rename_only,unique
AG-VID-20260709-000054,VID,视频,,video,视频\40776_super-8307.mp4,视频\AG-VID-20260709-000054_视频_品酒大师SUPER.mp4,40776_super-8307.mp4,AG-VID-20260709-000054_视频_品酒大师SUPER.mp4,视频_品酒大师SUPER,.mp4,.mp4,40776,19319938,,,,,,rename_only,unique
AG-VID-20260709-000055,VID,视频,,video,视频\40778_品酒大师TVC（最终版）-1615.mp4,视频\AG-VID-20260709-000055_视频_品酒大师_TVC.mp4,40778_品酒大师TVC（最终版）-1615.mp4,AG-VID-20260709-000055_视频_品酒大师_TVC.mp4,视频_品酒大师_TVC,.mp4,.mp4,40778,251444717,,,,,,rename_only,unique
AG-VID-20260709-000056,VID,视频,,video,视频\41043_6月29日 (2)-9051.mp4,视频\AG-VID-20260709-000056_视频_6月29日(2)-9051.mp4,41043_6月29日 (2)-9051.mp4,AG-VID-20260709-000056_视频_6月29日(2)-9051.mp4,视频_6月29日(2)-9051,.mp4,.mp4,41043,12168226,,,,,,rename_only,unique
AG-AUD-20260709-000001,AUD,数字分身,音色,audio,数字分身\音色\3760_Y26音色\3760_Y26音色_preview_audio.mp3,数字分身\音色\3760_Y26音色\AG-AUD-20260709-000001_3760_Y26音色_试听音频.mp3,3760_Y26音色_preview_audio.mp3,AG-AUD-20260709-000001_3760_Y26音色_试听音频.mp3,3760_Y26音色_试听音频,.mp3,.mp3,3760,28356,,,,,,rename_only,unique
AG-AUD-20260709-000002,AUD,数字分身,音色,audio,数字分身\音色\3760_Y26音色\3760_Y26音色_training_material.mp3,数字分身\音色\3760_Y26音色\AG-AUD-20260709-000002_3760_Y26音色_训练音频.mp3,3760_Y26音色_training_material.mp3,AG-AUD-20260709-000002_3760_Y26音色_训练音频.mp3,3760_Y26音色_训练音频,.mp3,.mp3,3760,476105,,,,,,rename_only,unique
AG-AUD-20260709-000003,AUD,数字分身,音色,audio,数字分身\音色\4224_明月（五抖官旗）\4224_明月（五抖官旗）_preview_audio.mp3,数字分身\音色\4224_明月（五抖官旗）\AG-AUD-20260709-000003_4224_明月（五抖官旗）_试听音频.mp3,4224_明月（五抖官旗）_preview_audio.mp3,AG-AUD-20260709-000003_4224_明月（五抖官旗）_试听音频.mp3,4224_明月（五抖官旗）_试听音频,.mp3,.mp3,4224,26196,,,,,,rename_only,unique
AG-AUD-20260709-000004,AUD,数字分身,音色,audio,数字分身\音色\4224_明月（五抖官旗）\4224_明月（五抖官旗）_training_material.mp3,数字分身\音色\4224_明月（五抖官旗）\AG-AUD-20260709-000004_4224_明月（五抖官旗）_训练音频.mp3,4224_明月（五抖官旗）_training_material.mp3,AG-AUD-20260709-000004_4224_明月（五抖官旗）_训练音频.mp3,4224_明月（五抖官旗）_训练音频,.mp3,.mp3,4224,1534130,,,,,,rename_only,unique
