current_relative_path,rollback_relative_path,file_code,duplicate_group
数字分身\数字分身成品\DH-AVT-0001-F001_数字分身成品_37200_张裕定制形象260519_成品封面.png,数字分身\数字分身成品\37200_张裕定制形象260519.png,DH-AVT-0001-F001,DUP-001
数字分身\数字分身成品\37200_张裕定制形象260519\DH-AVT-0001-F002_数字分身成品_37200_张裕定制形象260519_成品封面.png,数字分身\数字分身成品\37200_张裕定制形象260519\37200_张裕定制形象260519_cover.png,DH-AVT-0001-F002,DUP-001
数字分身\数字分身成品\37200_张裕定制形象260519\DH-AVT-0001-F003_数字分身成品_37200_张裕定制形象260519_成品预览视频.mp4,数字分身\数字分身成品\37200_张裕定制形象260519\37200_张裕定制形象260519_preview_video.mp4,DH-AVT-0001-F003,DUP-002
数字分身\数字分身成品\DH-AVT-0001-F004_数字分身成品_37200_张裕定制形象260519_成品预览视频.mp4,数字分身\数字分身成品\37200_张裕定制形象260519_preview_video.mp4,DH-AVT-0001-F004,DUP-002
数字分身\数字分身成品\DH-AVT-0002-F001_数字分身成品_40222_明月_成品封面.png,数字分身\数字分身成品\40222_明月.png,DH-AVT-0002-F001,DUP-003
数字分身\数字分身成品\40222_明月\DH-AVT-0002-F002_数字分身成品_40222_明月_成品封面.png,数字分身\数字分身成品\40222_明月\40222_明月_cover.png,DH-AVT-0002-F002,DUP-003
数字分身\数字分身成品\40222_明月\DH-AVT-0002-F003_数字分身成品_40222_明月_成品预览视频.mp4,数字分身\数字分身成品\40222_明月\40222_明月_preview_video.mp4,DH-AVT-0002-F003,DUP-004
数字分身\数字分身成品\DH-AVT-0002-F004_数字分身成品_40222_明月_成品预览视频.mp4,数字分身\数字分身成品\40222_明月_preview_video.mp4,DH-AVT-0002-F004,DUP-004
数字分身\模特\7717_Y26定制\DH-MDL-0001-F001_模特_7717_Y26定制_模特封面.png,数字分身\模特\7717_Y26定制\7717_Y26定制_cover_url.png,DH-MDL-0001-F001,DUP-001
数字分身\模特\7717_Y26定制\DH-MDL-0001-F002_模特_7717_Y26定制_完整预览视频.mp4,数字分身\模特\7717_Y26定制\7717_Y26定制_full_preview_video.mp4,DH-MDL-0001-F002,
数字分身\模特\7717_Y26定制\DH-MDL-0001-F003_模特_7717_Y26定制_口型对比视频.mp4,数字分身\模特\7717_Y26定制\7717_Y26定制_lip_comparison_video.mp4,DH-MDL-0001-F003,
数字分身\模特\7717_Y26定制\DH-MDL-0001-F004_模特_7717_Y26定制_预览视频.mp4,数字分身\模特\7717_Y26定制\7717_Y26定制_preview_video.mp4,DH-MDL-0001-F004,
数字分身\模特\7717_Y26定制\DH-MDL-0001-F005_模特_7717_Y26定制_训练合成视频.mp4,数字分身\模特\7717_Y26定制\7717_Y26定制_training_material.mp4,DH-MDL-0001-F005,
数字分身\模特\7717_Y26定制\分段封面\DH-MDL-0001-F006_模特_7717_Y26定制_多名利特选窖藏_分段封面.png,数字分身\模特\7717_Y26定制\分段封面\00_1477321 张裕 多名利特选窖藏 干红葡萄酒 750ml6瓶 整箱装 赤霞珠 全00221834_cover.png,DH-MDL-0001-F006,DUP-001
数字分身\模特\7717_Y26定制\分段封面\DH-MDL-0001-F007_模特_7717_Y26定制_N158_礼盒_分段封面.png,数字分身\模特\7717_Y26定制\分段封面\01_100029935774 张裕 九代解百纳N158 干红葡萄酒 750ml2瓶 红酒礼盒 全00218094_cover.png,DH-MDL-0001-F007,
数字分身\模特\7717_Y26定制\分段封面\DH-MDL-0001-F008_模特_7717_Y26定制_解百纳1937_分段封面.png,数字分身\模特\7717_Y26定制\分段封面\02_100014757963 张裕 九代解百纳1937 干红葡萄酒 750ml6瓶 整箱装 全00214434_cover.png,DH-MDL-0001-F008,
数字分身\模特\7717_Y26定制\分段封面\DH-MDL-0001-F009_模特_7717_Y26定制_品酒大师SUPER_分段封面.png,数字分身\模特\7717_Y26定制\分段封面\03_100164837228 张裕 九代解百纳 品酒大师super 干红葡萄酒 750ml 单瓶装 全2_00210690_cover.png,DH-MDL-0001-F009,
数字分身\模特\7717_Y26定制\分段封面\DH-MDL-0001-F010_模特_7717_Y26定制_品酒大师MASTER_分段封面.png,数字分身\模特\7717_Y26定制\分段封面\04_100164837194 张裕 品酒大师master 750ml6瓶箱装 全2_00207038_cover.png,DH-MDL-0001-F010,
数字分身\模特\7717_Y26定制\分段封面\DH-MDL-0001-F011_模特_7717_Y26定制_品酒大师PRO_分段封面.png,数字分身\模特\7717_Y26定制\分段封面\05_100164837226 张裕 九代解百纳 品酒大师pro 干红葡萄酒 750ml6瓶 整箱装 全00203310_cover.png,DH-MDL-0001-F011,
数字分身\模特\7717_Y26定制\分段封面\DH-MDL-0001-F012_模特_7717_Y26定制_品酒大师PLUS_分段封面.png,数字分身\模特\7717_Y26定制\分段封面\06_100296507068 张裕 九代解百纳 品酒大师plus 干红葡萄酒 750ml6瓶 整箱装 全00199697_cover.png,DH-MDL-0001-F012,
数字分身\模特\7717_Y26定制\分段封面\DH-MDL-0001-F013_模特_7717_Y26定制_龙谕单一园_礼盒_分段封面.png,数字分身\模特\7717_Y26定制\分段封面\07_100041192218 龙谕酒庄单一园赤霞珠干红葡萄酒750ml2礼盒装 全00195905_cover.png,DH-MDL-0001-F013,
数字分身\模特\7717_Y26定制\分段封面\DH-MDL-0001-F014_模特_7717_Y26定制_龙谕龙12_分段封面.png,数字分身\模特\7717_Y26定制\分段封面\08_100029295263 龙谕 龙12 干红葡萄酒 750ml4瓶 整箱装 全00192759_cover.png,DH-MDL-0001-F014,
数字分身\模特\7717_Y26定制\分段封面\DH-MDL-0001-F015_模特_7717_Y26定制_张裕通用口播_分段封面.png,数字分身\模特\7717_Y26定制\分段封面\09_张裕通用口播00183859_cover.png,DH-MDL-0001-F015,
数字分身\模特\7717_Y26定制\分段封面\DH-MDL-0001-F016_模特_7717_Y26定制_龙谕龙8_分段封面.png,数字分身\模特\7717_Y26定制\分段封面\10_100029295221 龙谕 龙8 干红葡萄酒 750ml4瓶 整箱装 全2_00180000_cover.png,DH-MDL-0001-F016,
数字分身\模特\7717_Y26定制\训练素材\DH-MDL-0001-F017_模特_7717_Y26定制_多名利特选窖藏_训练素材.mov,数字分身\模特\7717_Y26定制\训练素材\00_1477321 张裕 多名利特选窖藏 干红葡萄酒 750ml6瓶 整箱装 赤霞珠 全00221834.mov,DH-MDL-0001-F017,
数字分身\模特\7717_Y26定制\训练素材\DH-MDL-0001-F018_模特_7717_Y26定制_N158_礼盒_训练素材.mov,数字分身\模特\7717_Y26定制\训练素材\01_100029935774 张裕 九代解百纳N158 干红葡萄酒 750ml2瓶 红酒礼盒 全00218094.mov,DH-MDL-0001-F018,
数字分身\模特\7717_Y26定制\训练素材\DH-MDL-0001-F019_模特_7717_Y26定制_解百纳1937_训练素材.mov,数字分身\模特\7717_Y26定制\训练素材\02_100014757963 张裕 九代解百纳1937 干红葡萄酒 750ml6瓶 整箱装 全00214434.mov,DH-MDL-0001-F019,
数字分身\模特\7717_Y26定制\训练素材\DH-MDL-0001-F020_模特_7717_Y26定制_品酒大师SUPER_训练素材.mov,数字分身\模特\7717_Y26定制\训练素材\03_100164837228 张裕 九代解百纳 品酒大师super 干红葡萄酒 750ml 单瓶装 全2_00210690.mov,DH-MDL-0001-F020,
数字分身\模特\7717_Y26定制\训练素材\DH-MDL-0001-F021_模特_7717_Y26定制_品酒大师MASTER_训练素材.mov,数字分身\模特\7717_Y26定制\训练素材\04_100164837194 张裕 品酒大师master 750ml6瓶箱装 全2_00207038.mov,DH-MDL-0001-F021,
数字分身\模特\7717_Y26定制\训练素材\DH-MDL-0001-F022_模特_7717_Y26定制_品酒大师PRO_训练素材.mov,数字分身\模特\7717_Y26定制\训练素材\05_100164837226 张裕 九代解百纳 品酒大师pro 干红葡萄酒 750ml6瓶 整箱装 全00203310.mov,DH-MDL-0001-F022,
数字分身\模特\7717_Y26定制\训练素材\DH-MDL-0001-F023_模特_7717_Y26定制_品酒大师PLUS_训练素材.mov,数字分身\模特\7717_Y26定制\训练素材\06_100296507068 张裕 九代解百纳 品酒大师plus 干红葡萄酒 750ml6瓶 整箱装 全00199697.mov,DH-MDL-0001-F023,
数字分身\模特\7717_Y26定制\训练素材\DH-MDL-0001-F024_模特_7717_Y26定制_龙谕单一园_礼盒_训练素材.mov,数字分身\模特\7717_Y26定制\训练素材\07_100041192218 龙谕酒庄单一园赤霞珠干红葡萄酒750ml2礼盒装 全00195905.mov,DH-MDL-0001-F024,
数字分身\模特\7717_Y26定制\训练素材\DH-MDL-0001-F025_模特_7717_Y26定制_龙谕龙12_训练素材.mov,数字分身\模特\7717_Y26定制\训练素材\08_100029295263 龙谕 龙12 干红葡萄酒 750ml4瓶 整箱装 全00192759.mov,DH-MDL-0001-F025,
数字分身\模特\7717_Y26定制\训练素材\DH-MDL-0001-F026_模特_7717_Y26定制_张裕通用口播_训练素材.mov,数字分身\模特\7717_Y26定制\训练素材\09_张裕通用口播00183859.mov,DH-MDL-0001-F026,
数字分身\模特\7717_Y26定制\训练素材\DH-MDL-0001-F027_模特_7717_Y26定制_龙谕龙8_训练素材.mov,数字分身\模特\7717_Y26定制\训练素材\10_100029295221 龙谕 龙8 干红葡萄酒 750ml4瓶 整箱装 全2_00180000.mov,DH-MDL-0001-F027,
数字分身\模特\7717_Y26定制\训练素材封面\DH-MDL-0001-F028_模特_7717_Y26定制_多名利特选窖藏_训练素材封面.png,数字分身\模特\7717_Y26定制\训练素材封面\00_1477321 张裕 多名利特选窖藏 干红葡萄酒 750ml6瓶 整箱装 赤霞珠 全00221834.mov_cover,DH-MDL-0001-F028,
数字分身\模特\7717_Y26定制\训练素材封面\DH-MDL-0001-F029_模特_7717_Y26定制_N158_礼盒_训练素材封面.png,数字分身\模特\7717_Y26定制\训练素材封面\01_100029935774 张裕 九代解百纳N158 干红葡萄酒 750ml2瓶 红酒礼盒 全00218094.mov_cover,DH-MDL-0001-F029,
数字分身\模特\7717_Y26定制\训练素材封面\DH-MDL-0001-F030_模特_7717_Y26定制_解百纳1937_训练素材封面.png,数字分身\模特\7717_Y26定制\训练素材封面\02_100014757963 张裕 九代解百纳1937 干红葡萄酒 750ml6瓶 整箱装 全00214434.mov_cover,DH-MDL-0001-F030,
数字分身\模特\7717_Y26定制\训练素材封面\DH-MDL-0001-F031_模特_7717_Y26定制_品酒大师SUPER_训练素材封面.png,数字分身\模特\7717_Y26定制\训练素材封面\03_100164837228 张裕 九代解百纳 品酒大师super 干红葡萄酒 750ml 单瓶装 全2_00210690.mov_cover,DH-MDL-0001-F031,
数字分身\模特\7717_Y26定制\训练素材封面\DH-MDL-0001-F032_模特_7717_Y26定制_品酒大师MASTER_训练素材封面.png,数字分身\模特\7717_Y26定制\训练素材封面\04_100164837194 张裕 品酒大师master 750ml6瓶箱装 全2_00207038.mov_cover,DH-MDL-0001-F032,
数字分身\模特\7717_Y26定制\训练素材封面\DH-MDL-0001-F033_模特_7717_Y26定制_品酒大师PRO_训练素材封面.png,数字分身\模特\7717_Y26定制\训练素材封面\05_100164837226 张裕 九代解百纳 品酒大师pro 干红葡萄酒 750ml6瓶 整箱装 全00203310.mov_cover,DH-MDL-0001-F033,
数字分身\模特\7717_Y26定制\训练素材封面\DH-MDL-0001-F034_模特_7717_Y26定制_品酒大师PLUS_训练素材封面.png,数字分身\模特\7717_Y26定制\训练素材封面\06_100296507068 张裕 九代解百纳 品酒大师plus 干红葡萄酒 750ml6瓶 整箱装 全00199697.mov_cover,DH-MDL-0001-F034,
数字分身\模特\7717_Y26定制\训练素材封面\DH-MDL-0001-F035_模特_7717_Y26定制_龙谕单一园_礼盒_训练素材封面.png,数字分身\模特\7717_Y26定制\训练素材封面\07_100041192218 龙谕酒庄单一园赤霞珠干红葡萄酒750ml2礼盒装 全00195905.mov_cover,DH-MDL-0001-F035,
数字分身\模特\7717_Y26定制\训练素材封面\DH-MDL-0001-F036_模特_7717_Y26定制_龙谕龙12_训练素材封面.png,数字分身\模特\7717_Y26定制\训练素材封面\08_100029295263 龙谕 龙12 干红葡萄酒 750ml4瓶 整箱装 全00192759.mov_cover,DH-MDL-0001-F036,
数字分身\模特\7717_Y26定制\训练素材封面\DH-MDL-0001-F037_模特_7717_Y26定制_张裕通用口播_训练素材封面.png,数字分身\模特\7717_Y26定制\训练素材封面\09_张裕通用口播00183859.mov_cover,DH-MDL-0001-F037,
数字分身\模特\7717_Y26定制\训练素材封面\DH-MDL-0001-F038_模特_7717_Y26定制_龙谕龙8_训练素材封面.png,数字分身\模特\7717_Y26定制\训练素材封面\10_100029295221 龙谕 龙8 干红葡萄酒 750ml4瓶 整箱装 全2_00180000.mov_cover,DH-MDL-0001-F038,
数字分身\模特\8856_明月\DH-MDL-0002-F001_模特_8856_明月_模特封面.png,数字分身\模特\8856_明月\8856_明月_cover_url.png,DH-MDL-0002-F001,DUP-003
数字分身\模特\8856_明月\DH-MDL-0002-F002_模特_8856_明月_完整预览视频.mp4,数字分身\模特\8856_明月\8856_明月_full_preview_video.mp4,DH-MDL-0002-F002,
数字分身\模特\8856_明月\DH-MDL-0002-F003_模特_8856_明月_口型对比视频.mp4,数字分身\模特\8856_明月\8856_明月_lip_comparison_video.mp4,DH-MDL-0002-F003,
数字分身\模特\8856_明月\DH-MDL-0002-F004_模特_8856_明月_预览视频.mp4,数字分身\模特\8856_明月\8856_明月_preview_video.mp4,DH-MDL-0002-F004,
数字分身\模特\8856_明月\DH-MDL-0002-F005_模特_8856_明月_训练合成视频.mp4,数字分身\模特\8856_明月\8856_明月_training_material.mp4,DH-MDL-0002-F005,
数字分身\模特\8856_明月\分段封面\DH-MDL-0002-F006_模特_8856_明月_侧坐A_分段封面.png,数字分身\模特\8856_明月\分段封面\00_侧坐A_cover.png,DH-MDL-0002-F006,DUP-003
数字分身\模特\8856_明月\分段封面\DH-MDL-0002-F007_模特_8856_明月_站右A_分段封面.png,数字分身\模特\8856_明月\分段封面\01_站右A_cover.png,DH-MDL-0002-F007,
数字分身\模特\8856_明月\分段封面\DH-MDL-0002-F008_模特_8856_明月_站正面A_分段封面.png,数字分身\模特\8856_明月\分段封面\02_站正面A_cover.png,DH-MDL-0002-F008,
数字分身\模特\8856_明月\分段封面\DH-MDL-0002-F009_模特_8856_明月_站左A_分段封面.png,数字分身\模特\8856_明月\分段封面\03_站左A_cover.png,DH-MDL-0002-F009,
数字分身\模特\8856_明月\分段封面\DH-MDL-0002-F010_模特_8856_明月_正坐A_分段封面.png,数字分身\模特\8856_明月\分段封面\04_正坐A_cover.png,DH-MDL-0002-F010,
数字分身\模特\8856_明月\训练素材\DH-MDL-0002-F011_模特_8856_明月_侧坐A_训练素材.mp4,数字分身\模特\8856_明月\训练素材\00_侧坐A.mp4,DH-MDL-0002-F011,
数字分身\模特\8856_明月\训练素材\DH-MDL-0002-F012_模特_8856_明月_站右A_训练素材.mp4,数字分身\模特\8856_明月\训练素材\01_站右A.mp4,DH-MDL-0002-F012,
数字分身\模特\8856_明月\训练素材\DH-MDL-0002-F013_模特_8856_明月_站正面A_训练素材.mp4,数字分身\模特\8856_明月\训练素材\02_站正面A.mp4,DH-MDL-0002-F013,
数字分身\模特\8856_明月\训练素材\DH-MDL-0002-F014_模特_8856_明月_站左A_训练素材.mp4,数字分身\模特\8856_明月\训练素材\03_站左A.mp4,DH-MDL-0002-F014,
数字分身\模特\8856_明月\训练素材\DH-MDL-0002-F015_模特_8856_明月_正坐A_训练素材.mp4,数字分身\模特\8856_明月\训练素材\04_正坐A.mp4,DH-MDL-0002-F015,
数字分身\模特\8856_明月\训练素材封面\DH-MDL-0002-F016_模特_8856_明月_侧坐A_训练素材封面.png,数字分身\模特\8856_明月\训练素材封面\00_侧坐A.mp4_cover,DH-MDL-0002-F016,
数字分身\模特\8856_明月\训练素材封面\DH-MDL-0002-F017_模特_8856_明月_站右A_训练素材封面.png,数字分身\模特\8856_明月\训练素材封面\01_站右A.mp4_cover,DH-MDL-0002-F017,
数字分身\模特\8856_明月\训练素材封面\DH-MDL-0002-F018_模特_8856_明月_站正面A_训练素材封面.png,数字分身\模特\8856_明月\训练素材封面\02_站正面A.mp4_cover,DH-MDL-0002-F018,
数字分身\模特\8856_明月\训练素材封面\DH-MDL-0002-F019_模特_8856_明月_站左A_训练素材封面.png,数字分身\模特\8856_明月\训练素材封面\03_站左A.mp4_cover,DH-MDL-0002-F019,
数字分身\模特\8856_明月\训练素材封面\DH-MDL-0002-F020_模特_8856_明月_正坐A_训练素材封面.png,数字分身\模特\8856_明月\训练素材封面\04_正坐A.mp4_cover,DH-MDL-0002-F020,
数字分身\音色\3760_Y26音色\DH-VOI-0001-F001_音色_3760_Y26音色_音色封面.png,数字分身\音色\3760_Y26音色\3760_Y26音色_cover_url.png,DH-VOI-0001-F001,DUP-005
数字分身\音色\3760_Y26音色\DH-VOI-0001-F002_音色_3760_Y26音色_试听音频.mp3,数字分身\音色\3760_Y26音色\3760_Y26音色_preview_audio.mp3,DH-VOI-0001-F002,
数字分身\音色\3760_Y26音色\DH-VOI-0001-F003_音色_3760_Y26音色_训练音频.mp3,数字分身\音色\3760_Y26音色\3760_Y26音色_training_material.mp3,DH-VOI-0001-F003,
数字分身\音色\4224_明月（五抖官旗）\DH-VOI-0002-F001_音色_4224_明月（五抖官旗）_音色封面.png,数字分身\音色\4224_明月（五抖官旗）\4224_明月（五抖官旗）_cover_url.png,DH-VOI-0002-F001,DUP-005
数字分身\音色\4224_明月（五抖官旗）\DH-VOI-0002-F002_音色_4224_明月（五抖官旗）_试听音频.mp3,数字分身\音色\4224_明月（五抖官旗）\4224_明月（五抖官旗）_preview_audio.mp3,DH-VOI-0002-F002,
数字分身\音色\4224_明月（五抖官旗）\DH-VOI-0002-F003_音色_4224_明月（五抖官旗）_训练音频.mp3,数字分身\音色\4224_明月（五抖官旗）\4224_明月（五抖官旗）_training_material.mp3,DH-VOI-0002-F003,
背景\MT-BG-0001_背景_直播背景_背景-3.png,背景\37262_背景-3.png,MT-BG-0001,
背景\MT-BG-0002_背景_直播背景_直播.jpeg,背景\39112_直播.jpeg,MT-BG-0002,
背景\MT-BG-0003_背景_底部背景_底背景.jpeg,背景\39158_底背景.jpeg,MT-BG-0003,
背景\MT-BG-0004_背景_直播背景_微信图片_20260618221607_11_15.jpeg,背景\40131_微信图片_20260618221607_11_15.jpeg,MT-BG-0004,
装饰\MT-DEC-0001_装饰_图标_icon.png,装饰\37263_icon.png,MT-DEC-0001,
装饰\MT-DEC-0002_装饰_装饰_张裕百年.png,装饰\37264_张裕百年.png,MT-DEC-0002,
装饰\MT-DEC-0003_装饰_品牌Logo_logo.png,装饰\37265_logo.png,MT-DEC-0003,
装饰\MT-DEC-0004_装饰_装饰底图_底图.png,装饰\37266_底图.png,MT-DEC-0004,
装饰\MT-DEC-0005_装饰_动效装饰_gif-01.gif,装饰\37267_gif-01.gif,MT-DEC-0005,
装饰\MT-DEC-0006_装饰_装饰_png.png,装饰\37268_png.png,MT-DEC-0006,
装饰\MT-DEC-0007_装饰_贴片_AI贴片黑.png,装饰\37560_AI贴片黑.png,MT-DEC-0007,
装饰\MT-DEC-0008_装饰_贴片_AI贴片白.png,装饰\37561_AI贴片白.png,MT-DEC-0008,
装饰\MT-DEC-0009_装饰_动效装饰_抽奖GIF新.gif,装饰\37562_抽奖GIF新.gif,MT-DEC-0009,
装饰\MT-DEC-0010_装饰_装饰底图_底.png,装饰\39157_底.png,MT-DEC-0010,DUP-006
装饰\MT-DEC-0011_装饰_装饰_头部1.png,装饰\39159_头部1.png,MT-DEC-0011,DUP-007
装饰\MT-DEC-0012_装饰_装饰_头部1.png,装饰\39162_头部1.png,MT-DEC-0012,DUP-007
装饰\MT-DEC-0013_装饰_装饰底图_底.png,装饰\39163_底.png,MT-DEC-0013,DUP-006
装饰\MT-DEC-0014_装饰_前景框_直播-前景.png,装饰\39200_直播-前景.png,MT-DEC-0014,
装饰\MT-DEC-0015_装饰_装饰_100029295227.png,装饰\39598_100029295227.png,MT-DEC-0015,
装饰\MT-DEC-0016_装饰_商品贴片_品酒大师MASTER.png,装饰\39605_100133684873--品酒大师(MASTER)单瓶-750ml.png,MT-DEC-0016,
装饰\MT-DEC-0017_装饰_商品贴片_品酒大师PLUS.png,装饰\39894_plus.png,MT-DEC-0017,DUP-008
装饰\MT-DEC-0018_装饰_商品贴片_品酒大师PLUS.png,装饰\39895_plus.png,MT-DEC-0018,DUP-008
装饰\MT-DEC-0019_装饰_前景框_前景.png,装饰\40100_前景.png,MT-DEC-0019,
装饰\MT-DEC-0020_装饰_品牌Logo_标题+logo.png,装饰\40101_标题+logo.png,MT-DEC-0020,
装饰\MT-DEC-0021_装饰_动效装饰_转盘动图.gif,装饰\40103_转盘动图.gif,MT-DEC-0021,
装饰\MT-DEC-0022_装饰_买赠贴片_张裕买赠.png,装饰\40104_张裕买赠.png,MT-DEC-0022,
装饰\MT-DEC-0023_装饰_动效装饰_标题动图-6088.gif,装饰\40105_标题动图-6088.gif,MT-DEC-0023,
装饰\MT-DEC-0024_装饰_商品贴片_品酒大师PRO.png,装饰\40999_品酒大师(PRO）.png,MT-DEC-0024,
装饰\MT-DEC-0025_装饰_礼盒装饰_礼盒.png,装饰\41000_礼盒.png,MT-DEC-0025,
装饰\MT-DEC-0026_装饰_动效装饰_6月29日(1)-7682.gif,装饰\41018_6月29日 (1)-7682.gif,MT-DEC-0026,
视频\MT-VID-0001_视频_开箱视频_龙谕龙8_开箱.mov,视频\37251_100029295221 龙8 礼盒开箱-380.mov,MT-VID-0001,
视频\MT-VID-0002_视频_商品整体视频_多名利特选窖藏_整体.mov,视频\37254_1477321 张裕 多名利特选窖藏 整体-7212.mov,MT-VID-0002,
视频\MT-VID-0003_视频_商品整体视频_解百纳1937_整体.mov,视频\37256_100014757963 张裕 九代解百纳1937 整体-5836.mov,MT-VID-0003,
视频\MT-VID-0004_视频_商品整体视频_龙谕龙12_整体.mov,视频\37257_100029295263 龙12 整体-5899.mov,MT-VID-0004,
视频\MT-VID-0005_视频_酒体视频_龙谕龙12_酒体.mov,视频\37258_100029295263 龙12酒体-6360.mov,MT-VID-0005,
视频\MT-VID-0006_视频_酒体视频_龙谕龙8_酒体.mov,视频\37318_100029295221 龙谕 龙8 酒体-8228.mov,MT-VID-0006,
视频\MT-VID-0007_视频_开箱视频_龙谕龙12_开箱.mov,视频\37319_100029295263 龙谕 龙12 开箱-836.mov,MT-VID-0007,
视频\MT-VID-0008_视频_酒体视频_龙谕单一园_酒体.mov,视频\37321_100041192218 龙谕酒庄单一园酒体-2652.mov,MT-VID-0008,
视频\MT-VID-0009_视频_商品整体视频_龙谕龙8_整体.mov,视频\37322_100029295221 龙谕 龙8 整体-8446.mov,MT-VID-0009,
视频\MT-VID-0010_视频_商品整体视频_品酒大师PLUS_整体.mov,视频\37342_100296507068 张裕 九代解百纳 品酒大师plus 整体-9504.mov,MT-VID-0010,
视频\MT-VID-0011_视频_酒体视频_品酒大师PLUS_酒体.mov,视频\37343_100296507068 张裕 九代解百纳 品酒大师plus 酒体-4101.mov,MT-VID-0011,
视频\MT-VID-0012_视频_商品整体视频_品酒大师SUPER_整体.mov,视频\37344_100164837228 张裕 九代解百纳 品酒大师super 整体-7124.MOV,MT-VID-0012,
视频\MT-VID-0013_视频_开箱视频_N158_开箱.mov,视频\37345_100029935774 张裕 九代解百纳N158开箱-7110.mov,MT-VID-0013,
视频\MT-VID-0014_视频_酒体视频_品酒大师SUPER_酒体.mov,视频\37346_100164837228 张裕 九代解百纳 品酒大师super 酒体-4925.MOV,MT-VID-0014,
视频\MT-VID-0015_视频_开箱视频_品酒大师SUPER_开箱.mov,视频\37347_100164837228 张裕 九代解百纳 品酒大师super 开箱展示-7240.MOV,MT-VID-0015,
视频\MT-VID-0016_视频_酒体视频_品酒大师PRO_酒体.mov,视频\37348_100164837226 张裕 九代解百纳 品酒大师pro 酒体-2833.mov,MT-VID-0016,
视频\MT-VID-0017_视频_商品整体视频_品酒大师MASTER_整体.mov,视频\37349_100164837194 张裕 品酒大师master 整体-4647.mov,MT-VID-0017,
视频\MT-VID-0018_视频_商品讲解视频_解百纳1937.mov,视频\37350_100014757963 张裕 九代解百纳1937-5469.mov,MT-VID-0018,
视频\MT-VID-0019_视频_酒体视频_N158_酒体.mov,视频\37351_100029935774 张裕 九代解百纳N158 酒体-889.mov,MT-VID-0019,
视频\MT-VID-0020_视频_开箱视频_龙谕单一园_开箱.mov,视频\37384_100041192218 龙谕酒庄单一园开箱-4140.mov,MT-VID-0020,
视频\MT-VID-0021_视频_视频素材_Timeline1-4699.mov,视频\39780_Timeline 1-4699.mov,MT-VID-0021,
视频\MT-VID-0022_视频_视频素材_6月25日-3436.mov,视频\40725_6月25日-3436.mov,MT-VID-0022,
视频\MT-VID-0023_视频_商品讲解视频_品酒大师MASTER.mp4,视频\40773_master-2849.mp4,MT-VID-0023,
视频\MT-VID-0024_视频_商品讲解视频_品酒大师PRO.mp4,视频\40774_pro-6765.mp4,MT-VID-0024,
视频\MT-VID-0025_视频_商品讲解视频_品酒大师PLUS.mp4,视频\40775_plus-8396.mp4,MT-VID-0025,
视频\MT-VID-0026_视频_商品讲解视频_品酒大师SUPER.mp4,视频\40776_super-8307.mp4,MT-VID-0026,
视频\MT-VID-0027_视频_品牌TVC_品酒大师_TVC.mp4,视频\40778_品酒大师TVC（最终版）-1615.mp4,MT-VID-0027,
视频\MT-VID-0028_视频_视频素材_6月29日(2)-9051.mp4,视频\41043_6月29日 (2)-9051.mp4,MT-VID-0028,
模版\302_张裕618背景\MT-TPL-0001_模版_模板预览_张裕618背景_preview.png,模版\302_张裕618背景\302_张裕618背景_preview.png,MT-TPL-0001,
